smiles,E_gas_hartree,E_solv_hartree,dG_solv_kcal
CC/C=C\C,-15.773898543075,-15.774465238338,-0.3556063777899471
O=C1NC(=O)NC(=O)C1(CC)CC=C(C)C,-49.81145169776,-49.825712890377,-8.949026717900486
Cc1[nH]c(=O)n(c(=O)c1Cl)C(C)(C)C,-44.493891577118,-44.510930307245,-10.691956503262578
CC/C=C/C,-15.776341795472,-15.776945685884,-0.3789466685437337
ClC(Cl)C(c1ccc(Cl)cc1)c2ccc(Cl)cc2 ,-53.282209760102,-53.291117240486,-5.589524108285629
O=Cc1ccccc1,-22.071753228232,-22.076221500576,-2.803881110310498
c1cc2ccc(OC)c(CC=C(C)(C))c2oc1=O ,-52.471641602341,-52.483901629515,-7.693277391930325
ON=Cc1ccc(o1)N(=O)=O ,-34.684451245969,-34.703352684754,-11.86082295053709
Clc1ccc(c(Cl)c1Cl)c2c(Cl)cc(Cl)c(Cl)c2Cl ,-59.105760964613,-59.113743753082,-5.009271609394014
CON(C)C(=O)Nc1ccc(Cl)cc1,-43.386818180324,-43.402581769699,-9.89179420511583
CC(=O)C1CCC2C3CCC4=CC(=O)CCC4(C)C3CCC12C,-68.453580511232,-68.466347422421,-8.011351673291985
COP(=O)(NC(C)=O)SC ,-34.669610186418,-34.685261330987,-9.821234077347762
Cc1cc(C)cc(C)c1,-25.391629943992,-25.393243554516,-1.0125551263047845
ClCC(Cl)(Cl)Cl,-23.492906884992,-23.497153309777,-2.6646697704118414
O=C2CN(N=Cc1ccc(o1)N(=O)=O)C(=O)N2 ,-52.124556973347,-52.146862706851,-13.997048525364882
CCCC(=O)OC,-23.948082294094,-23.954167886446,-3.818763971211734
CNC(=O)Oc1ccccc1OC(C)C,-46.355925426617,-46.370001955517,-8.833148573509261
CCCCCCCCCCCCCCCCCCCCCCCCCC,-83.271200836608,-83.273637626639,-1.5291076755617006
C1CCc2ccccc2C1,-27.537705395939,-27.538988249323,-0.8050020441413784
CC(C)c1ccccc1C,-28.544714890884,-28.54615617692,-0.9044199591654528
OCC(O)C2OC1OC(OC1C2O)C(Cl)(Cl)Cl ,-60.801954172755,-60.82029241407,-11.507411469334302
c1ccc2cc3ccccc3cc2c1,-35.06455831205,-35.066825213586,-1.4225011159517054
OCC(O)C(O)CO,-29.908327985663,-29.928851164236,-12.878479263165085
CNC(=O)Oc1ccccc1C2OCCO2,-49.399809586079,-49.414934316477,-9.49090444731858
Oc1ccc(cc1)N(=O)=O,-30.416314652224,-30.432528292473,-10.17420517900923
Clc1cc(Cl)c(cc1Cl)c2cccc(Cl)c2Cl ,-51.014509865803,-51.022949960428,-5.296235338039999
CCCOC=O,-20.776059682913,-20.780062215877,-2.511625457705488
CC(C)OC=O,-20.780552889354,-20.785128689244,-2.8713556131754094
OCC1OC(C(O)C1O)n2cnc3c(O)ncnc23,-59.610068698084,-59.637161333421,-17.000872507684708
ClC(Br)Br,-15.341785930882,-15.342361633493,-0.3612585697260239
CCSCC,-16.901570406381,-16.902111616746,-0.3396143749309173
c1ccc2c(c1)c3ccccc3c4ccccc24,-44.666585844168,-44.669538041782,-1.8525305725637395
CCCC(C)C,-19.992112311376,-19.992436496812,-0.2034292787588485
Oc1ccc(Cl)cc1Cl,-28.056557655401,-28.063834466136,-4.566264227509167
Brc1ccccc1,-19.461285375349,-19.4643569439,-1.927436909869663
CCCCC(=O)CCCC,-32.517796940312,-32.523022546042,-3.279114626024741
Brc1ccc(I)cc1,-22.766980282588,-22.771855661013,-3.059343840092189
c1ccccc1O,-19.954146086902,-19.960966087609,-4.279611823647787
CC12CCC3C(CCC4=CC(=O)CCC34C)C2CCC1O,-63.139779973747,-63.153913874678,-8.869150039311004
CC(C)C(C(=O)OC(C#N)c1cccc(Oc2ccccc2)c1)c3ccc(OC(F)F)cc3,-96.041971337645,-96.057879416067,-9.98246238251138
ClC(Cl)Cl,-16.283054983324,-16.285455666462,-1.5064502752427638
CC1(C)C(C=C(Cl)Cl)C1C(=O)OC(C#N)c2cccc(Oc3ccccc3)c2,-80.960511226812,-80.975934363064,-9.678156806354096
CCN2c1nc(C)cc(C(F)(F)F)c1NC(=O)c3cccnc23 ,-68.770607789521,-68.783748092463,-8.245658358835012
CCCN(CCC)c1c(cc(cc1N(=O)=O)C(F)(F)F)N(=O)=O,-75.065455177157,-75.079170250896,-8.606332206881794
c1ccc2c(c1)c3cccc4ccc5cccc2c5c43,-48.975945873814,-48.979129032039,-1.9974604346110612
Cc1cc2ccccc2cc1C,-31.815980377733,-31.818208656581,-1.3982650316304182
CC=C(C(=CC)c1ccc(O)cc1)c2ccc(O)cc2,-55.811419131966,-55.825927351577,-9.104038379880542
COc1c(O)c(Cl)c(Cl)c(Cl)c1Cl ,-43.367073836506,-43.376949171894,-6.196861833985779
CC(C)CCC(C)(C)C,-29.491817475714,-29.492523296307,-0.4429087744915519
CC(C)C(Nc1ccc(cc1Cl)C(F)(F)F)C(=O)OC(C#N)c2cccc(Oc3ccccc3)c2,-103.691886039097,-103.710010580463,-11.373312828041373
CCCCCC(C)C,-26.319421470952,-26.319941500363,-0.3263231356670181
c1cc(C)cc2c1c3cc4cccc5CCc(c45)c3cc2,-53.159244167509,-53.163079036762,-2.4064149700794712
CC(C)CCOC=O,-27.104917281173,-27.109258181399,-2.7239539599156264
Oc2ccc1CCCCc1c2 ,-31.611682813129,-31.618831271778,-4.485722138374533
CCC(CC)CO,-24.047676868801,-24.055281244329,-4.771814083200014
CCN2c1ccccc1N(C)C(=O)c3ccccc23 ,-52.356894654282,-52.366725587723,-6.168999212629619
O=Cc2ccc1OCOc1c2 ,-32.366197092267,-32.371108661834,-3.0820541074183985
CC3C2CCC1(C)C=CC(=O)C(=C1C2OC3=O)C,-53.516301730206,-53.529784154555,-8.46034262081674
CCOC(=O)C=Cc1ccccc1,-37.777065571672,-37.784857969503,-4.889799770535451
CC1(C)C(C=C(Cl)Cl)C1C(=O)OCc2cccc(Oc3ccccc3)c2,-76.448972878867,-76.459710837035,-6.738165392048421
CCC1(C(=O)NC(=O)NC1=O)C2=CCCCC2 ,-51.965906903689,-51.979239338688,-8.366222953783344
O=C1NC(=O)NC(=O)C1(CC)c1ccccc1,-49.913192955311,-49.926792798869,-8.53402423124011
CCOC(=O)C,-20.787791091284,-20.794168615365,-4.001953758543955
CCOP(=S)(OCC)SCSc1ccc(Cl)cc1,-56.760688652,-56.769002883892,-5.2172553403177115
CCN2c1nc(Cl)ccc1N(C)C(=O)c3cccnc23 ,-56.969094116336,-56.980826265071,-7.362028920550943
CC1CC(C)C(=O)C(C1)C(O)CC2CC(=O)NC(=O)C2 ,-63.097523633619,-63.117244893001,-12.375267753541095
CCCCC(CC)C=O,-29.341410086738,-29.345116923443,-2.326073393917667
C1=Cc2cccc3cccc1c23,-29.746256654584,-29.748271506398,-1.264337646953393
CC(C)C1CCC(C)CC1=O,-34.674455911469,-34.679389951779,-3.0961547008862564
CCNc1nc(NC(C)C)nc(OC)n1,-46.702459329987,-46.721167316673,-11.739430017342697
CCCC(C)O,-20.891600640222,-20.897595144972,-3.761605681169608
c1ccncc1,-16.150108207289,-16.15411976004,-2.517285455226606
CCC1(C(C)C)C(=O)NC(=O)NC1=O ,-44.523706743345,-44.537105188957,-8.407645207538968
OC(C1=CC2C5C(C1C2=C(c3ccccc3)c4ccccn4)C(=O)NC5=O)(c6ccccc6)c7ccccn7 ,-104.370233710319,-104.386431612185,-10.164329202036608
Nc2cnn(c1ccccc1)c(=O)c2Cl,-42.867559897822,-42.888314024295,-13.023401148946462
CC1CO1,-13.516894967194,-13.519818093338,-1.8342879634948288
CCCCCC(O)CC,-30.376874407546,-30.383695384844,-4.28022464328965
CCOC(=O)c1ccccc1S(=O)(=O)NN(C=O)c2nc(Cl)cc(OC)n2,-83.679468136451,-83.709764131673,-19.011009665756212
CCOP(=S)(OCC)SCSC(C)(C)C,-50.492730811349,-50.501062928816,-5.22847869959909
c1(C#N)c(Cl)c(C#N)c(Cl)c(Cl)c(Cl)1,-41.09955764805,-41.113752837746,-8.90760929094516
C(Cc1ccccc1)c2ccccc2,-37.096595685903,-37.098654515999,-1.2919344147135443
BrCCBr,-14.483011584697,-14.485048376069,-1.2781049170530947
CCCCCCCCCO,-33.541707895393,-33.548604011933,-4.327375193897813
CNc2cnn(c1cccc(c1)C(F)(F)F)c(=O)c2Cl,-61.884062036122,-61.906072237234,-13.811599289587656
CCCCCCCCBr,-29.895350992706,-29.89845569986,-1.9482316815003735
Cc1ccc(O)cc1C,-26.294823659121,-26.302143173792,-4.593061331684472
Oc1c(Cl)ccc(Cl)c1Cl,-32.099461079846,-32.108322411809,-5.560565558768347
Cc2ncc1nccnc1n2,-29.726886620073,-29.740151948986,-8.324113280868014
COP(=S)(OC)Oc1cc(Cl)c(I)cc1Cl,-52.209543610269,-52.220309571231,-6.755737397301916
O=C1CNC(=O)N1 ,-22.48333952866,-22.499402296509,-10.079531390158255
Oc1ccc(c(O)c1)c3oc2cc(O)cc(O)c2c(=O)c3O ,-65.719070843278,-65.747320645653,-17.72700523853441
Clc1ccc(Cl)c(Cl)c1,-28.029172245373,-28.033782672456,-2.8930844884249036
CC(=O)OCC(=O)C3CCC4C2CCC1=CC(=O)CCC1(C)C2CCC34C ,-81.893005588294,-81.909100834892,-10.09991209746368
CCC(C)(C)CO,-24.05194709836,-24.059527192438,-4.756577254792524
CCCOC(=O)CCC,-30.280707747066,-30.28704169182,-3.974607338638384
c2(Cl)c(Cl)c(Cl)c1nccnc1c2(Cl) ,-42.197287824171,-42.203976164747,-4.19699390650399
NC(=O)c1ccccc1,-25.53115681209,-25.544401640132,-8.311248799808284
O=C1CCCN1,-19.142081829893,-19.152539480748,-6.562270030369533
CC(=O)Nc1ccc(F)cc1,-32.939437200011,-32.951409847011,-7.512943746323211
OCC1OC(CO)(OC2OC(COC3OC(CO)C(O)C(O)C3O)C(O)C(O)C2O)C(O)C1O,-119.944480010432,-119.999905641539,-34.78008235032194
Cc1ccc(cc1)S(=O)(=O)N,-33.850282531312,-33.874676710305,-15.30756686572234
NS(=O)(=O)c2cc1c(NC(NS1(=O)=O)C(Cl)Cl)cc2Cl ,-66.377012296634,-66.420622115852,-27.36555404766246
Cc1ccc2c(ccc3ccccc32)c1,-38.242784907986,-38.245378311495,-1.6273840425310684
Cc1ccc(Br)cc1,-22.632524070388,-22.636227581275,-2.3239864131905144
Oc1ccc(Cl)c(Cl)c1,-28.053682922377,-28.064454067599,-6.758990567113016
NS(=O)(=O)c1cc(ccc1Cl)C2(O)NC(=O)c3ccccc23,-65.497436013995,-65.535551904585,-23.918064388244407
CNC(=O)C(C)SCCSP(=O)(OC)(OC),-54.635890808494,-54.654702410611,-11.804449632839448
CCCC(O)CC,-24.054927637189,-24.060523414611,-3.5114006943029916
O=C1N(COC(=O)CCC)C(=O)C(N1)(c2ccccc2)c3ccccc3,-75.20185967358,-75.219806140231,-11.261569341700598
Cc1c(F)c(F)c(COC(=O)C2C(C=C(Cl)C(F)(F)F)C2(C)C)c(F)c1F,-89.349834736061,-89.363011732468,-8.268683838358552
C1Cc2c3c1cccc3cc4c2ccc5ccccc54,-49.988187951179,-49.991668881503,-2.18431510668444
Cc1ncc(N(=O)=O)n1CCO,-38.328233793426,-38.347568870198,-12.132934690122184
ClCc1ccccc1,-23.091638255518,-23.095253686032,-2.2687151864093025
c2c(C)cc1nc(C)ccc1c2 ,-32.090533612164,-32.095494723836,-3.113142224182454
Cc1c[nH]c(=O)[nH]c1=O ,-27.785968313318,-27.803268298988,-10.85589670779618
CCCC(=O)C,-19.861788033164,-19.866800275254,-3.145227021653989
COc1ncnc2nccnc12 ,-33.80007066509,-33.814249342456,-8.897247655264069
Nc1ncnc2nc[nH]c12 ,-27.888491624023,-27.913503563162,-15.695216917173926
CCCOCCC,-24.049131704923,-24.051615027048,-1.5583069833378915
Cc1ccccc1Cl,-23.103746958309,-23.106587813749,-1.7826623563004305
OC(C(=O)c1ccccc1)c2ccccc2,-44.187564691406,-44.197746611506,-6.389246500028091
c1(Br)c(Br)cc(Br)cc1,-26.613692330046,-26.617265600444,-2.242259334178746
CCCCCCCCC(=O)C,-35.681550510876,-35.68708106111,-3.4704700467865197
O=C1NC(=O)NC(=O)C1(C(C)C)CC=C,-46.632785623122,-46.646285001788,-8.470981607325944
CCOc1ccc(NC(=O)C)cc1,-39.108863891206,-39.120466991861,-7.28105008891946
Brc1ccc(Br)cc1,-23.040008350412,-23.043645702575,-2.2824712184522364
Oc1cc(Cl)cc(Cl)c1Cl,-32.103080629799,-32.110959284202,-4.943926545772724
ClC(=C(Cl)C(=C(Cl)Cl)Cl)Cl,-35.827735061333,-35.828760955761,-0.643757986617864
CC(C)C(=O)C,-19.862893710672,-19.867670547671,-2.9975082084052125
c2ccc1[nH]ncc1c2 ,-23.874496116751,-23.882137592979,-4.795095106355313
Cc1ccccc1N,-22.485934442784,-22.49122392358,-3.3191968048181404
O=C1NC(=O)NC(=O)C1(C(C)CCC)CC=C,-52.947347220397,-52.960599373774,-8.315845513449863
CCC1(CC)C(=O)NC(=O)N(C)C1=O ,-44.530567013238,-44.542574580115,-7.534856283421133
Cc1ccc(C)cc1,-22.220957585776,-22.222333017156,-0.8630955698332996
CCCI,-13.803987584403,-13.807478625205,-2.1906595226224415
Cc1cc(cc(N(=O)=O)c1O)N(=O)=O,-44.046429457225,-44.063969428455,-11.006489806566458
Nc2nc1[nH]cnc1c(=O)[nH]2 ,-31.983682089938,-32.014273986169,-19.19669021201963
CCN(CC)C(=O)C(=CCOP(=O)(OC)OC)Cl,-61.569431935607,-61.588032311368,-11.671903193411746
CC(C)(C)Cc1ccccc1,-31.714397523215,-31.715708043556,-0.8223633086609793
CCCCOC(=O)c1ccccc1C(=O)OCCCC ,-61.776011740301,-61.789932003648,-8.735090532610341
COc2ccc(Oc1ccc(NC(=O)N(C)C)cc1)cc2,-61.509846195991,-61.525536027145,-9.845510257614771
O=C1N(COC(=O)CCCCC)C(=O)C(N1)(c2ccccc2)c3ccccc3,-81.534806712425,-81.552344182574,-11.004920355734193
O2c1ccccc1N(CC)C(=O)c3ccccc23 ,-49.819568951315,-49.829238727012,-6.06787127784801
Clc1cccc(I)c1,-23.238736141308,-23.243785504472,-3.168520829679492
CCCCCCCCO,-30.37552919838,-30.382560891114,-4.412450475819297
Cc3cc2nc1c(=O)[nH]c(=O)nc1n(CC(O)C(O)C(O)CO)c2cc3C,-82.771562572493,-82.811600552346,-25.124192699574195
COc1ccccc1O,-27.187138220258,-27.194315199604,-4.503619132428648
CCCC=C(CC)C=O,-28.294805578027,-28.299704151599,-3.073899003591847
Cc1cccc(C)n1,-22.495627995217,-22.499502496435,-2.431284384806055
CCN2c1nc(C)cc(C)c1NC(=O)c3cccnc23 ,-56.094337094433,-56.106961070667,-7.921658702618822
CCC(=O)CC,-19.860438093188,-19.86515776217,-2.9616347632248226
Nc1c(C)c[nH]c(=O)n1 ,-27.13368617588,-27.158324364836,-15.460685313590956
Brc1cccc2ccccc12,-29.056154653555,-29.059738044415,-2.2486100151662294
CCCCl,-14.542665285196,-14.545549704696,-1.8099991960260309
c2ccc1[nH]ccc1c2,-23.617247358199,-23.621677782266,-2.7801309758609873
ClCC#CCOC(=O)Nc1cccc(Cl)c1,-48.269031760277,-48.284494493623,-9.703004339214148
c1cc2cccc3c4cccc5cccc(c(c1)c23)c54,-48.967890133471,-48.971084286902,-2.004360025331178
Oc1c(Cl)c(Cl)cc(Cl)c1Cl,-36.144145339012,-36.152680619028,-5.355965027558968
CCCC,-13.665127571292,-13.665216823349,-0.0560064690361174
c1ccc2cc3c4cccc5cccc(c3cc2c1)c45,-48.955704943382,-48.959043739368,-2.0951245303766854
O=N(=O)c1ccccc1,-26.340040659445,-26.3487150502,-5.443258268279842
CCCC(C)C1(CC)C(=O)NC(=S)NC1=O ,-50.01698984994,-50.028240166206,-7.059674709757238
Cc1cncc(C)c1,-22.493325536447,-22.498415735081,-3.1941454546232344
O=C1NC(=O)NC(=O)C1(CC)C(C)C,-44.523700028317,-44.537075034455,-8.392936726649282
C1CCC2CCCCC2C1,-30.625336683302,-30.62577268199,-0.273593100708913
CCN2c1ncccc1N(CC)C(=O)c3cccnc23 ,-56.081698552176,-56.092742212841,-6.929996460235129
O=C1NC(=O)NC(=O)C1(C)CC=C,-40.306715931257,-40.320174185892,-8.445175907752647
Fc1ccccc1,-20.11021530052,-20.11331335499,-1.9440570624161355
CCOP(=O)(OCC)OCC,-39.433627111176,-39.446233424496,-7.910575065119362
CC(C)Br,-14.079526691462,-14.08258023757,-1.9161276646844945
CCCBr,-14.076726809117,-14.079262808288,-1.5913623037951106
CC(C)C(C)C,-19.994759695826,-19.99508157785,-0.2019838669982632
CC(C)OC(C)C,-24.055472881249,-24.058348493668,-1.804472673434498
CN(C(=O)NC(C)(C)c1ccccc1)c2ccccc2,-56.528942197373,-56.541583794338,-7.932715869912694
Clc1ccc(cc1)C(c2ccc(Cl)cc2)C(Cl)(Cl)Cl,-57.324633910364,-57.332325225986,-4.826369774643916
Clc1cccc(Cl)c1Cl,-28.027153908342,-28.032666720415,-3.459339191116384
CCC2NC(=O)c1cc(c(Cl)cc1N2)S(N)(=O)=O,-56.319767920741,-56.359116193964,-24.691395581890497
CCCCCCCI,-26.455262592982,-26.458826884976,-2.2366253048626614
CCc1ccc(CC)cc1,-28.549894264195,-28.551235351089,-0.8415440957679021
C1c2ccccc2c3cc4ccccc4cc13,-42.529427427535,-42.532484837058,-1.9185519923696277
CC(C)(C)c1ccc(O)cc1,-32.619379627264,-32.626596978557,-4.528952892515129
Clc1cccc(c1Cl)c2c(Cl)c(Cl)cc(Cl)c2Cl ,-55.06013571385,-55.06792683297,-4.888997367872199
Oc1ccc(O)cc1,-24.026518233745,-24.039404936198,-8.086521769578844
Nc1cccc(Cl)c1,-23.370474275134,-23.378629854201,-5.117699264754686
Cc1ccccc1,-19.050406917915,-19.051547229155,-0.7155555658991553
Cc1cc(ccc1NS(=O)(=O)C(F)(F)F)S(=O)(=O)c2ccccc2,-75.929663314416,-75.958186881111,-17.898794813212827
Cc1cccc(O)c1,-23.12489731128,-23.131956268398,-4.429559122157793
O=C1NC(=O)c2ccccc12 ,-30.748730343244,-30.758948822834,-6.412187909042283
c1ccc2c(c1)ccc3c2ccc4c5ccccc5ccc43,-54.262424793137,-54.266099101826,-2.305661771125621
C1CCC=CC1,-17.931438647529,-17.931871801263,-0.2718078664690883
O=Cc1ccco1,-20.835713987565,-20.840331379088,-2.897454737205303
c1(C(C)(C)C)cc(C(C)(C)C)cc(OC(=O)NC)c1,-58.12233934452,-58.13496539682,-7.922961452720645
CC(C)OC(=O)C,-23.95663221431,-23.963699994739,-4.4350958292195655
c1ccc2c(c1)cnc3ccccc23 ,-35.344015856494,-35.349245283244,-3.281512350465011
CCN2c1ncccc1N(C)C(=S)c3cccnc23 ,-52.08826769032,-52.097977705084,-6.093121654540589
CCS,-10.578266098558,-10.579223396713,-0.6007132079452732
Cc1ccc2ccccc2c1,-28.645525721984,-28.647405309873,-1.1794583166387105
Cc1cc2c3ccccc3ccc2c4ccccc14,-47.836094309043,-47.839387243015,-2.066345703834794
COC(=O)C=C,-19.722997851469,-19.729885430149,-4.322017609908542
CCC1(C(=O)NC(=O)NC1=O)C2=CCC3CCC2C3,-57.28380272948,-57.297421803855,-8.546091741982284
Nc1ccc(O)cc1,-23.389049356975,-23.400392077656,-7.117659311813738
CCSC(=O)N(CC)C1CCCCC1 ,-44.552471766054,-44.560454270771,-5.009093552459336
OC(Cn1cncn1)(c2ccc(F)cc2)c3ccccc3F,-63.182398360938,-63.199843470699,-10.946963381014651
CNC(=O)Oc1ccccc1C(C)C,-42.289632688949,-42.302034128769,-7.7820151000103825
CC12CCC3C(CCC4=CC(=O)CCC34C)C2CCC1C(=O)CO,-72.494858902803,-72.51198300589,-10.745528804019845
CCN(=O)=O,-17.789234766378,-17.796857627212,-4.783413779080897
CCCCNC(=O)n1c(NC(=O)OC)nc2ccccc12,-63.139472479903,-63.162478982039,-14.43678714885865
CC(C)C=C,-15.77092550024,-15.771447611589,-0.3276295704993195
ClC=C,-10.321898833563,-10.324281615585,-1.495217163843154
CC(=O)C1(O)CCC2C3CCC4=CC(=O)CCC4(C)C3CCC21C,-72.505450082865,-72.521143388637,-9.847690611684394
COc1ccccc1,-23.113194702622,-23.115604141903,-1.5119448337805503
CCSCCSP(=S)(OC)OC,-40.9815406954,-40.988216775611,-4.189300417125076
CC(=O)Nc1ccccc1,-28.709959285166,-28.71976965258,-6.156093845590325
C=CC#N,-10.791133111233,-10.800142888059,-5.653716046306305
CCCCC(=O)OC,-27.112366069059,-27.118861246968,-4.075782594497918
Fc1cccc(F)c1C(=O)NC(=O)Nc2ccc(Cl)cc2,-62.582334556639,-62.606374023147,-15.084981588968809
CC34CCC1C(CCc2cc(O)ccc12)C3CC(O)C4O ,-63.042559700807,-63.059802116811,-10.819771224255502
CCCCCCOC(=O)c1ccccc1C(=O)OCCCCCC,-74.43481857839,-74.450378477927,-9.763976998569529
CCNc1nc(Cl)nc(n1)N(CC)CC,-46.681819009155,-46.69892923899,-10.736823213529686
c1ccc2c(c1)c3cccc4c3c2cc5ccccc54,-48.95889283506,-48.962231926868,-2.0953101613472924
NC(=O)c1cnccn1,-26.069963589648,-26.087230456514,-10.83511436021602
o1c2ccccc2c3ccccc13,-33.848936819131,-33.851004670313,-1.2975952273688651
ClC1(C(=O)C2(Cl)C3(Cl)C14Cl)C5(Cl)C2(Cl)C3(Cl)C(Cl)(Cl)C45Cl,-70.969862560523,-70.969268011747,0.3730847078746389
CCCC=C,-15.769405406303,-15.770000297013,-0.3732992745422023
O=C1NC(=O)NC(=O)C1(C(C)C)CC=C(C)C,-52.967554353556,-52.981798629065,-8.93841108037721
CCCCc1c(C)nc(NCC)[nH]c1=O,-46.134535046047,-46.152101876311,-11.023344092133607
Cc1cc(C)cc(O)c1,-26.295427470559,-26.302810483761,-4.632907231372891
CCCOC,-17.718947542346,-17.72121155621,-1.420689075784771
Brc1ccc2ccccc2c1,-29.05631145944,-29.06003322534,-2.3354415981430696
CSc1nc(nc(n1)N(C)C)N(C)C,-42.710250027411,-42.725362333317,-9.483107966768914
c1ccc2c3c(ccc2c1)c4cccc5cccc3c45,-48.951439667096,-48.954802675218,-2.1103178636287736
CCOP(=S)(CC)Oc1cc(Cl)c(Cl)cc1Cl,-55.192792098558,-55.203480042873,-6.706781249158185
CC1=C(CCCO1)C(=O)Nc2ccccc2 ,-46.548373617105,-46.559094756755,-6.727611620633097
Clc1cccc(Cl)c1c2c(Cl)cccc2Cl ,-46.972427111435,-46.979658822272,-4.537963635613308
Nc1ccc(cc1)c2ccc(N)cc2,-37.640678899645,-37.651970637496,-7.085667127140801
COP(=S)(OC)Oc1ccc(Sc2ccc(OP(=S)(OC)OC)cc2)cc1,-83.856753460466,-83.874646398296,-11.227979524764432
CC(=O)OC3CCC4C2CCC1=CC(=O)CCC1(C)C2CCC34C ,-72.53820522702,-72.552633533041,-9.053891882933488
CCOP(=S)(OCC)N2C(=O)c1ccccc1C2=O,-57.927751149165,-57.943610185495,-9.95168802840153
NC(=N)NS(=O)(=O)c1ccc(N)cc1 ,-43.131737928235,-43.166957319146,-22.10048477117245
CCCC(O)CCC,-27.212014471779,-27.218640358548,-4.157803580529048
CCCN(CCC)c1c(cc(cc1N(=O)=O)S(N)(=O)=O)N(=O)=O,-74.015630032761,-74.046317812959,-19.25685826427173
C=Cc1ccccc1,-21.158608393843,-21.159974529923,-0.857262685425641
CC(C)(C)CO,-20.892531468059,-20.898096224067,-3.491934477823441
COc2cc1c(N)nc(nc1c(OC)c2OC)N3CCN(CC3)C(=O)OCC(C)(C)O ,-96.730784988727,-96.76192662344,-19.541656057125643
Clc1ccc(Cl)c(c1)c2cc(Cl)c(Cl)c(Cl)c2Cl,-55.059414733297,-55.067084571534,-4.8128925222614685
Ic1cccc2ccccc12,-28.78258526714,-28.78710933664,-2.8388943278757472
CCC(C)C1(CC=C)C(=O)NC(=O)NC1=O,-49.797824645613,-49.811915920684,-8.842401928529984
CCCC(=O)CCC,-26.190009865857,-26.194888135378,-3.061158028853684
C1CCCCCC1,-22.140456150294,-22.140665573455,-0.1314149183356213
OC1CCCCCCC1,-29.349221908588,-29.355593764187,-3.998396735072472
CC(C)=CCCC(C)=CC(=O),-33.583109314305,-33.589097223707,-3.757467040940804
Clc1cc(Cl)c(c(Cl)c1)c2c(Cl)cccc2Cl,-51.020414869938,-51.02716547736,-4.236066912771282
CN(C)C(=O)NC1CC2CC1C3CCCC23,-49.040389000452,-49.052355155179,-7.508869786584082
CCNc1nc(Cl)nc(NC(C)(C)C#N)n1,-48.024296053996,-48.047786451425,-14.740435800274744
ClC(Cl)CC(=O)NC2=C(Cl)C(=O)c1ccccc1C2=O,-60.672402758061,-60.691510422365,-11.99023131974
CCOP(=S)(OCC)SC(CCl)N1C(=O)c2ccccc2C1=O,-71.535265776038,-71.55448704525,-12.061519421950791
CCCCCC(=O)OC,-30.275783862227,-30.282088648728,-3.9563102724545978
Clc1ccc(cc1)c2ccc(Cl)cc2 ,-38.872153778862,-38.877935873515,-3.6283164336094136
CCNc1nc(NC(C)C)nc(SC)n1,-45.870737111368,-45.887241032692,-10.356359166103257
ClCCBr,-14.950349742386,-14.953466529494,-1.9558119613531408
Cc1cccc(c1)N(=O)=O,-29.512037056926,-29.521229065118,-5.768067868552928
Nc1ccccc1,-19.316691776296,-19.322189248343,-3.4497131867413526
COP(=S)(OC)Oc1ccc(N(=O)=O)c(C)c1,-54.438041417928,-54.453444444355,-9.665537710181583
Clc1ccc(Cl)c(c1)c2c(Cl)c(Cl)cc(Cl)c2Cl ,-55.062211936783,-55.069137243042,-4.345692005278418
CCC(C)C(=O)OC2CC(C)C=C3C=CC(C)C(CCC1CC(O)CC(=O)O1)C23 ,-90.137799479457,-90.157115161026,-12.12076402568001
CCCC1C(=O)N3N(C1=O)c2cc(C)ccc2N=C3N(C)C ,-64.350044859236,-64.364309599665,-8.951253001869548
CCOC(=O)c1ccccc1,-32.501289535868,-32.508814960942,-4.722271962760807
CC(=O)SC4CC1=CC(=O)CCC1(C)C5CCC2(C)C(CCC23CCC(=O)O3)C45,-87.31598287053,-87.33453343729,-11.640647597008712
c2ccc1[nH]nnc1c2,-24.130037327563,-24.142349667679,-7.726104233851545
c1ccc2ccccc2c1,-25.47438610031,-25.475922575629,-0.9641520909503204
CCCCCCCO,-27.208505737508,-27.216245297843,-4.856643766255868
CCCCCCCl,-24.032054113275,-24.035173085164,-1.957182931095692
c1ccccc1n2ncc(N)c(Br)c2(=O),-42.39802346478,-42.415715661491,-11.102012665920515
Oc1ccccc1N(=O)=O,-30.421048214488,-30.4320106704,-6.879039746883669
Cc1ccccc1O,-23.124117485025,-23.131062495772,-4.358056748839044
CCN2c1cc(N(C)C)cc(C)c1NC(=O)c3cccnc23 ,-62.407493539227,-62.422832406741,-9.625277414844884
CC12CCC(CC1)C(C)(C)O2 ,-34.699263173399,-34.701770267455,-1.5732240839864504
CCCC(=C)C,-18.940551981044,-18.941286005796,-0.4606071381044511
O=C1NC(=O)C(=O)N1 ,-25.51830819707,-25.531554244127,-8.31201374269251
O=N(=O)c1cc(Cl)c(Cl)cc1,-34.43506459894,-34.444244265273,-5.760323240952785
CC1(C)C2CCC1(C)C(=O)C2,-33.666655077457,-33.671531695806,-3.060121903563682
c1cc2ccc3cccc4ccc(c1)c2c34,-39.379139539328,-39.381619248934,-1.5560400951513649
OCC(O)COC(=O)c1ccccc1Nc2ccnc3cc(Cl)ccc23,-76.038640225462,-76.057444242915,-11.799690187910244
CC(Cl)CCl,-18.58674479705,-18.590735091808,-2.503945873298485
OC3N=C(c1ccccc1)c2cc(Cl)ccc2NC3=O ,-56.26023041058,-56.279117057234,-11.85154075520257
C1CCCC1,-15.814314271955,-15.814378737876,-0.0404529456205527
O=C1N(C2CCC(=O)NC2=O)C(=O)c3ccccc13,-55.115272077599,-55.133742093361,-11.590101120795968
CCC1(C(=O)NC(=O)NC1=O)c2ccccc2 ,-49.91319262814,-49.926777616352,-8.524702367921153
CN(C)C(=O)Nc1cccc(OC(=O)NC(C)(C)C)c1 ,-61.736293892581,-61.759135521778,-14.33332789577801
CCCOC(=O)c1ccc(N)cc1,-39.106222789176,-39.121034835292,-9.29469224620446
CN(C)c1ccccc1,-25.646085174865,-25.64896759109,-1.8087421229328744
CN(C)C(=O)C(c1ccccc1)c2ccccc2 ,-49.912452896167,-49.922477443248,-6.290493514252679
COc1ccc(C=O)cc1,-29.307548077936,-29.313924812843,-4.0014585447547635
c1(OC)ccc(CC=C)cc1,-31.553920176882,-31.557035314965,-1.954777183325464
OCCOc1ccccc1,-30.335728022836,-30.344162350361,-5.292616430884289
CCCCCc1ccccc1,-31.70677320773,-31.708003054189,-0.7717397216412826
Clc1cc(Cl)c(Cl)c(c1Cl)c2c(Cl)c(Cl)cc(Cl)c2Cl ,-63.15319740122,-63.159584637731,-4.008048395782935
CCOP(=S)(OCC)SCn1c(=O)oc2cc(Cl)ccc12,-66.271777311737,-66.286957497476,-9.525703172893133
c1ccc2c(c1)c3cccc4cccc2c34,-39.358582873896,-39.361235287682,-1.664413522440472
C1CCCCCCC1,-25.295785225803,-25.296084750478,-0.1879544292825868
COP(=O)(OC)OC(=CCl)c1cc(Cl)c(Cl)cc1Cl,-63.127685309144,-63.143465645314,-9.902302969702598
CCCCCC#C,-21.038111302136,-21.039762891979,-1.0363874907911297
NC(=O)c1ccccc1O,-29.601533416359,-29.621914732664,-12.78945941323338
Cn1ccc(=O)[nH]c1=O,-27.786492792984,-27.802157123676,-9.829508488206866
NC(=O)NC1NC(=O)NC1=O ,-35.581574669267,-35.608237423399,-16.731118182615745
CCc1cccc(CC)c1N(COC)C(=O)CCl ,-55.799043355204,-55.812380197294,-8.368988443052814
Cc1ccccc1n3c(C)nc2ccccc2c3=O,-51.35308588446,-51.365333489365,-7.685482306331219
Clc1ccc(c(Cl)c1Cl)c2ccc(Cl)c(Cl)c2Cl ,-55.058430773609,-55.068114768012,-6.076793643835364
CCCCCCCCC(=O)OC,-39.765110944864,-39.771535626766,-4.031545715644742
Oc1c(I)cc(C#N)cc1I,-31.083689066978,-31.09846111647,-9.26959400467463
C1SC(=S)NC1(=O),-21.441870149824,-21.448821982132,-4.362337339761472
O=N(=O)OCC(CON(=O)=O)ON(=O)=O ,-53.989450266586,-54.000404496397,-6.873877794474369
CCNc1nc(NC(C)(C)C)nc(SC)n1,-49.041626810819,-49.057590415188,-10.017305413990384
COC(=O)c1ccccc1,-29.33321853765,-29.34056816011,-4.61195424025077
CCC(=O)OC,-20.783436023991,-20.789374851366,-3.7266676272572448
ClC1CC2C(C1Cl)C3(Cl)C(=C(Cl)C2(Cl)C3(Cl)Cl)Cl,-60.901879428987,-60.910451017866,-5.378749165872761
COc1ccc(cc1)C(c2ccc(OC)cc2)C(Cl)(Cl)Cl,-63.688771059484,-63.695485679409,-4.213484434520656
OC1CCCCCC1,-26.196109734728,-26.202686013678,-4.1266742276354895
CCOCCOCC,-28.104247726798,-28.108869814125,-2.9004013964785695
CC(=O)CC(c1ccc(Cl)cc1)c2c(O)c3ccccc3oc2=O,-69.163283938,-69.18635739539,-14.478802173340254
Clc1ccc(cc1)c2cc(Cl)ccc2Cl ,-42.921578803813,-42.927835542516,-3.926159846781752
O=C2NC(=O)C1(CC1)C(=O)N2 ,-33.992772464281,-34.008018391337,-9.566956440983592
Cc1ccc2cc(C)ccc2c1,-31.816568574083,-31.818761769928,-1.3762501314994753
CC(=O)OCC(=O)C3(O)CCC4C2CCC1=CC(=O)C=CC1(C)C2C(O)CC34C ,-88.972692949466,-88.998747349226,-16.34937033899757
CC(C)c1ccc(C)cc1O,-32.622412519323,-32.627815946639,-3.3906992716340105
Oc1ccc(Cl)c(Cl)c1Cl,-32.095860754903,-32.108716105502,-8.066848199026012
Oc1cc(Cl)c(Cl)c(Cl)c1Cl,-36.14507390264,-36.153804316915,-5.4784135312909665
ClC1(C2(Cl)C3(Cl)C4(Cl)C5(Cl)C1(Cl)C3(Cl)Cl)C5(Cl)C(Cl)(Cl)C24Cl,-76.035832905464,-76.035863204036,-0.0190126266170005
CCCCCCCC(=O)OC,-36.602788022086,-36.609354928601,-4.120792940319618
CC(C)=CCC/C(C)=C\CO,-34.613422716621,-34.617279167072,-2.4199573660542764
Cc3nnc4CN=C(c1ccccc1Cl)c2cc(Cl)ccc2n34,-63.332658379336,-63.351296617828,-11.695662397873413
ClC(Cl)(Cl)Cl,-20.321876882374,-20.321768704463,0.0678826127529579
COc1ccc(NC(=O)N(C)C)cc1Cl,-46.602077062501,-46.61901818808,-10.63070877094976
Cc1ccc2cc3ccccc3cc2c1,-38.235920891056,-38.238540777681,-1.6440024361706158
CCOC(=O)CC(SP(=S)(OC)OC)C(=O)OCC,-64.653524393002,-64.672188587047,-11.711949740984933
CCOC(=O)CC,-23.951383445318,-23.957440328237,-3.8007485436172215
OC1C=CC2C1C3(Cl)C(=C(Cl)C2(Cl)C3(Cl)Cl)Cl ,-55.829849544185,-55.83956656993,-6.097521108217601
CCCCCCBr,-23.565950294513,-23.56885846619,-1.8249039008622263
Oc1cccc(Cl)c1,-24.006077388913,-24.01507293916,-5.644788739945033
Cc1c(C)c(C)c(C)c(C)c1C,-34.886648469822,-34.888573315911,-1.2078582444648152
FC(F)(Cl)C(F)(Cl)Cl,-32.105210029568,-32.104023452039,0.7445880786437835
OC4=C(C1CCC(CC1)c2ccc(Cl)cc2)C(=O)c3ccccc3C4=O,-73.539380712559,-73.555922331,-10.380014446300084
CN(C(=O)COc1nc2ccccc2s1)c3ccccc3,-58.644926231744,-58.660427643892,-9.72727563557804
c1cccc2c3c(C)cc4ccccc4c3ccc12,-47.827709913364,-47.830896608736,-1.9996800261891168
N(=Nc1ccccc1)c2ccccc2,-36.555612042673,-36.561782460232,-3.871992552033769
CCN(CC)C(=S)SSC(=S)N(CC)CC,-50.487838510222,-50.498339130595,-6.589233789641716
CC(=O)OC3(CCC4C2C=C(C)C1=CC(=O)CCC1(C)C2CCC34C)C(C)=O ,-84.016699788948,-84.033625700535,-10.621161854043557
O=C(c1ccccc1)c2ccccc2,-36.960656214363,-36.967178757975,-4.092954819422646
C/C1CCC(\C)CC1,-25.311957593901,-25.312344282377,-0.2426504988876683
CN(C)C=Nc1ccc(Cl)cc1C,-38.445544415795,-38.454328132629,-5.511861366788407
Cc1ccc(cc1N(=O)=O)N(=O)=O,-39.962709422524,-39.977808407224,-9.474748790114417
CCNc1nc(Cl)nc(NC(C)C)n1,-43.513900338147,-43.533278717833,-12.160107658379724
CCN(CC)c1ccccc1,-31.979863508923,-31.982572033756,-1.6996237094312012
Cn2cc(c1ccccc1)c(=O)c(c2)c3cccc(c3)C(F)(F)F,-69.014756704018,-69.035300253871,-12.89126242470757
CCOP(=S)(NC(C)C)Oc1ccccc1C(=O)OC(C)C,-69.46704602095,-69.483670124135,-10.431774365521925
CCCCCC(=O)OCC,-33.444372107383,-33.450728617135,-3.988767077964964
O=C2NC(=O)C1(CCCCCCC1)C(=O)N2,-49.833358579004,-49.846833045263,-8.455348847717616
ClC(Cl)C(Cl)(Cl)Cl,-27.528271232809,-27.530743122146,-1.5511328059706548
Oc1ccccc1O,-24.027986397095,-24.039556148047,-7.260122850140151
Clc1ccc(c(Cl)c1)c2c(Cl)c(Cl)c(Cl)c(Cl)c2Cl,-59.103757444333,-59.109823180009,-3.806303728313101
C/C1CCCCC1\C,-25.306077058666,-25.306434979578,-0.224598593569419
Clc2ccc(Oc1ccc(cc1)N(=O)=O)c(Cl)c2,-53.396028642492,-53.408843580992,-8.041489243196525
Cc1cc(C)c2ccccc2c1,-31.815070493305,-31.817236375253,-1.359110415306796
Clc1ccc(Br)cc1,-23.51182226222,-23.515575153,-2.354972740466718
ClC(=C)Cl,-14.369705267134,-14.372411176077,-1.697982214912807
CC=C,-9.442264959655,-9.442685837418,-0.2641045841824606
Cc1c2ccccc2c(C)c3ccc4ccccc4c13,-50.986457212333,-50.989835716505,-2.1200417744663125
CCNP(=S)(OC)OC(=CC(=O)OC(C)C)C,-56.67971106489,-56.69723999894,-10.999563876780616
COP(=O)(OC)C(O)C(Cl)(Cl)Cl,-45.180105476396,-45.195172849881,-9.454912468196344
Cc1ncc(N(=O)=O)n1CCO ,-38.328233793426,-38.347568870198,-12.132934690122184
O=C1NC(=O)NC(=O)C1(C)CC,-38.197190449875,-38.210991489528,-8.660276591612114
c1cncnc1,-16.422850597382,-16.429744394538,-4.325919759566441
Clc1cccc(c1)c2cc(Cl)ccc2Cl ,-42.921466122134,-42.927675070244,-3.896170819558165
CCc1ccccc1CC,-28.546658144981,-28.547984219228,-0.8321235246608887
ClC1=C(Cl)C(Cl)(C(=C1Cl)Cl)C2(Cl)C(=C(Cl)C(=C2Cl)Cl)Cl,-66.877489307032,-66.879390041725,-1.192728126475732
NC(=S)N,-13.261648949196,-13.280423575933,-11.781247249108503
CC1CC2C3CCC(O)(C(=O)C)C3(C)CC(O)C2(F)C4(C)C=CC(=O)C=C14,-82.905028671371,-82.930767095583,-16.151092838844153
CC1CCCO1,-19.876290656378,-19.878703242874,-1.513919739518368
CC(C)Cc1ccccc1,-28.546146378456,-28.547342581238,-0.7506280115285401
Nc1nc(=O)[nH]cc1F,-28.186503800284,-28.209747253057,-14.585475806131548
CCC(C)C(=O)C,-23.026949189098,-23.032034246953,-3.190919569532162
CC1(C)CON(Cc2ccccc2Cl)C1=O,-48.430101007145,-48.441909603787,-7.410000670228166
CC23Cc1cnoc1C=C2CCC4C3CCC5(C)C4CCC5(O)C#C,-71.880823233137,-71.893831886668,-8.163047168586022
CC(C)O,-14.563920346812,-14.57002067255,-3.828009303525605
CC(=O)N,-13.819497077789,-13.832620459869,-8.23504036563863
c2ccc1scnc1c2 ,-23.701517485948,-23.704011393467,-1.5649494133400488
CC1(O)CCC2C3CCC4=CC(=O)CCC4(C)C3CCC21C,-66.309544127254,-66.322480513649,-8.117698890338557
CCCC(O)C=C,-22.995308244686,-23.000838861981,-3.4705121281666473
Oc1cccc2ccccc12,-29.546672577612,-29.552684838696,-3.772747940559124
CCc1cccc2ccccc12,-31.807642920129,-31.809428556771,-1.1205030635855715
Clc1ccc(Cl)c(c1)c2ccc(Cl)c(Cl)c2,-46.969263219292,-46.977014965469,-4.864290491783112
C1CCOCC1,-19.878587515205,-19.880553586052,-1.233727151130514
Oc1c(Cl)cccc1Cl,-28.053608814952,-28.061632822659,-5.035137052211976
COC(C)(C)C,-20.889162559839,-20.891792873281,-1.6505453576744722
O2c1ccccc1N(C)C(=O)c3cccnc23 ,-46.927460767602,-46.940122965206,-7.945642956289274
CC(=C)C,-12.613496649179,-12.614168498889,-0.4215917396728114
CC34CC(O)C1(F)C(CCC2=CC(=O)C=CC12C)C3CC(O)C4(O)C(=O)CO,-87.863336717277,-87.895033576057,-19.8900641561847
Cc1ccccc1N(=O)=O,-29.509568111491,-29.518412112963,-5.549690519692786
CCCCC(O)CC,-27.213588304696,-27.220055630848,-4.058305366316669
CC(=O)OCC(=O)C3(O)C(CC4C2CCC1=CC(=O)C=CC1(C)C2(F)C(O)CC34C)OC(C)=O ,-106.636171746342,-106.67113020472,-21.93674725832043
CC34CC(=O)C1C(CCC2=CC(=O)CCC12C)C3CCC4(=O) ,-65.155473953106,-65.170377399936,-9.352047016849257
CC(=O)C(C)(C)C,-23.029376429249,-23.034404552455,-3.1551925648734995
Nc1ccccc1Cl,-23.370223874963,-23.377164000924,-4.354991501662277
Oc2ncc1nccnc1n2,-30.639509110759,-30.66027295234,-13.02949746665234
Oc1cc(Cl)cc(Cl)c1,-28.056035978057,-28.065877131488,-6.175412348334009
Sc2nc1ccccc1s2 ,-26.953329005914,-26.95669494011,-2.1121540013984315
Oc1ccc(cc1)C2(OC(=O)c3ccccc23)c4ccc(O)cc4 ,-66.241302768641,-66.264057628594,-14.27887941424504
CCCCCCc1ccccc1,-34.8719293743,-34.873366772717,-0.901980443251004
CC=C(C)C,-15.780345784292,-15.781022259561,-0.4244943195746763
C1c2ccccc2c3ccccc13,-32.933695550583,-32.936061910675,-1.48491225496921
CCN2c1ncccc1N(C)C(=O)c3cccnc23 ,-52.915168796046,-52.927043187362,-7.451287420315599
CCN(CC)C(=S)SCC(Cl)=C,-38.227789278858,-38.235244492351,-4.678213563780846
O=C1NC(=O)NC(=O)C1(CC)CC,-41.358618104929,-41.371934758455,-8.356319937445118
CCC,-10.500828065499,-10.500770044113,0.0364089419073179
COc5cc4OCC3Oc2c1CC(Oc1ccc2C(=O)C3c4cc5OC)C(C)=C ,-84.889242953148,-84.901768391094,-7.859825040054024
CC1CCCCC1,-22.145007019266,-22.145259183674,-0.1582354354995463
CC(=O)CC(c1ccccc1)c3c(O)c2ccccc2oc3=O ,-65.110311485095,-65.131909476285,-13.552933853649716
CCCCC#C,-17.875507715681,-17.877097778613,-0.9977788003959924
CCCCCC(=O)C,-26.186874488966,-26.192053942136,-3.2501534792520066
CN1CC(O)N(C1=O)c2nnc(s2)C(C)(C)C,-52.718570673308,-52.737900739885,-12.129790747665568
Cc1ncnc2nccnc12,-29.727543034705,-29.740926898152,-8.39849476776369
c3ccc2c(O)c1ccccc1cc2c3 ,-39.136169261997,-39.142894670181,-4.2202541641357625
Clc1cccc(c1)N(=O)=O,-30.388680876035,-30.397779274004,-5.709326611130214
CCCCC(=O)C,-23.025755146609,-23.030891891711,-3.2233537822108596
CC(C)=CC3C(C(=O)OCc2cccc(Oc1ccccc1)c2)C3(C)C ,-74.694260318081,-74.703996895676,-6.109790070056129
c1cc2ccc3ccc4ccc5ccc6ccc1c7c2c3c4c5c67,-57.601966136002,-57.605588603731,-2.2731311021584477
Oc1ccccn1,-20.236012878005,-20.246018283741,-6.278482147993265
Oc1ccc(Cl)cc1,-24.005856815235,-24.014863825388,-5.6519799341004
NC(N)=NC#N ,-17.980381126988,-18.011704714047,-19.655832791805516
CCCC(C)(C)C,-23.157707216692,-23.158108173002,-0.2516036931312537
CN2C(=O)CN=C(c1ccccc1)c3cc(ccc23)N(=O)=O,-61.771648748582,-61.788212755922,-10.394063681912415
CCN(Cc1c(F)cccc1Cl)c2c(cc(cc2N(=O)=O)C(F)(F)F)N(=O)=O,-88.729069563453,-88.747657366975,-11.66401400029294
Cc1cccc(C)c1,-22.221064643913,-22.222464317411,-0.8783077170563206
Oc1c(Cl)cc(Cl)cc1Cl,-32.100869868245,-32.108929750435,-5.0576486131672045
O=C1N(COC(=O)CC)C(=O)C(N1)(c2ccccc2)c3ccccc3,-72.037794697721,-72.055427264044,-11.064594060780472
CC(=C)C=C,-14.722245833982,-14.723163472899,-0.5758266791669358
NC(=O)c1cccnc1 ,-25.800419556567,-25.816699994507,-10.21612133129195
CC45CCC2C(CCC3CC1SC1CC23C)C4CCC5O,-63.362192877442,-63.369114972216,-4.343676769541079
CC12CC2(C)C(=O)N(C1=O)c3cc(Cl)cc(Cl)c3,-53.64349355608,-53.653931592418,-6.549961744418629
c1c(NC(=O)OC(C)C(=O)NCC)cccc1,-51.945394512125,-51.963449766517,-11.32983462827138
O=C1NC(=O)NC(=O)C1(CC)C(C)CC,-47.678546320711,-47.691903246284,-8.381591009387344
CC(=O)Nc1cc(NS(=O)(=O)C(F)(F)F)c(C)cc1C,-65.689586010577,-65.712275932757,-14.238130377244945
CCSC(=O)N(CC(C)C)CC(C)C,-45.569589838179,-45.577697721522,-5.087769768683388
C1Cc2ccccc2C1,-24.371756088377,-24.37297953076,-0.767721106312265
c1cc(O)c(O)c2OCC3(O)CC4=CC(=O)C(O)=CC4=C3c21,-64.768418828101,-64.802557154055,-21.42210678106205
CC=CC=O,-15.632953176188,-15.638644960404,-3.571645821597544
CCOC(=O)CCN(SN(C)C(=O)Oc1cccc2CC(C)(C)Oc21)C(C)C,-87.640102720845,-87.661149204246,-13.206857752483277
FC(F)(F)C(Cl)Br ,-27.611681828616,-27.610831729711,0.5334447137784717
CC12CCC3C(CCc4cc(O)ccc34)C2CCC1O,-58.969884211567,-58.983978787703,-8.844473376527079
Fc1cccc(F)c1,-24.338221896859,-24.342264654993,-2.536867113907169
CCCOC(=O)C,-23.951858042862,-23.958214923487,-3.9889998041124666
CC1CC2C3CC(F)C4=CC(=O)C=CC4(C)C3(F)C(O)CC2(C)C1(O)C(=O)CO,-91.199212123773,-91.227521338887,-17.76428726697526
CON(C)C(=O)Nc1ccc(Br)c(Cl)c1,-46.964466923942,-46.981016781007,-10.385184257002065
CCC=C,-12.606046278079,-12.606479851028,-0.2720709276537167
CNC(=O)Oc1cccc(N=CN(C)C)c1,-48.133150273889,-48.15150367511,-11.51692444678782
Cc1c(cc(cc1N(=O)=O)N(=O)=O)N(=O)=O,-50.404305661035,-50.421828104959,-10.99549126430158
BrCBr,-11.309311209677,-11.310655430331,-0.84351055837059
CCC1CCCCC1,-25.308807013873,-25.309200562026,-0.2469550079404385
CCCCCCC(=O)OCC,-36.606125115608,-36.612811411181,-4.195710648716013
Oc1cc(Cl)ccc1Oc2ccc(Cl)cc2Cl,-51.058907709575,-51.070073551146,-7.006666078376417
CCCCCCCCCCCCCCCCCCO,-62.022057201268,-62.026134027256,-2.5582449989045672
c1ccoc1,-14.645031195959,-14.645192485395,-0.1012105726954259
Sc1nccc(=O)[nH]1 ,-23.768849503962,-23.781545554731,-7.966886122005355
CCC(O)(CC)CC,-27.219294055026,-27.22434518284,-3.1696281634348873
c1c(OC)c(OC)C2C(=O)OCC2c1,-43.778780181415,-43.788777549899,-6.273438700026921
BrC(Br)(Br)Br,-18.429102325402,-18.432137415366,-1.9045462682204657
ClCC,-11.378046626147,-11.381218189018,-1.990184245618102
CC(=O)Nc1ccc(cc1)N(=O)=O,-39.171855871646,-39.19026476164,-11.551744151244549
CCCCOC=O,-23.939723856176,-23.94391480993,-2.6298611992197083
CCCCS,-16.907533783194,-16.908697031915,-0.729949041665598
CC(C)CO,-17.721863411426,-17.729215996193,-4.613813114554402
Nc1ccc(cc1)N(=O)=O,-29.783685901764,-29.802907195324,-12.06153470054275
CCCCC1C(=O)N(N(C1=O)c2ccc(O)cc2)c3ccccc3 ,-68.958351637966,-68.975554423594,-10.794902806641304
CNc1ccccc1,-22.481316182846,-22.48499551887,-2.308816469084043
CC(C)NC(=O)N1CC(=O)N(C1=O)c2cc(Cl)cc(Cl)c2,-64.637100227673,-64.658948981076,-13.71028939915802
CCCCOC(=O)c1ccc(N)cc1,-42.269888347694,-42.285123280326,-9.56005734097232
CC(C)=CCCC(O)(C)C=C,-34.607332686126,-34.611948354989,-2.8963737525544406
Clc1cc(Cl)cc(Cl)c1,-28.031040228797,-28.034666279683,-2.275379565424081
Clc1ccc(c(Cl)c1)c2cc(Cl)c(Cl)c(Cl)c2Cl ,-55.05937926787,-55.067124102053,-4.8599531533405536
Cc1cc(C)c(C)c(C)c1C,-31.724592285602,-31.726465600794,-1.1755221428169107
CC(C)OC(=O)Nc1cccc(Cl)c1,-43.183218163264,-43.19486325398,-7.3073992301073885
CCCC1COC(Cn2cncn2)(O1)c3ccc(Cl)cc3Cl,-66.826747058975,-66.841176856781,-9.05482799144676
CCC(=O)C,-16.69670945927,-16.701660240333,-3.106659674060993
Nc1ccc(cc1)S(N)(=O)=O,-34.120583065555,-34.149602683882,-18.21007167675644
CCC#C,-11.546225408076,-11.547670928809,-0.9070772696442188
C=C,-6.271260122573,-6.27146026422,-0.1255906847675295
CCNC(=S)NCC,-25.924059709423,-25.936140810343,-7.580999557210321
COc2ncc1nccnc1n2,-33.801701518554,-33.815406627686,-8.60007932631509
CC(C)C1CCC(C)CC1O ,-35.69753845022,-35.703371169037,-3.6600835521348913
CC(=C)C(=C)C,-17.890411686525,-17.89144668057,-0.6494680781838099
CCOC(=O)CC(=O)OCC,-37.398337752043,-37.410039341766,-7.342852865492066
COCCCNc1nc(NC(C)C)nc(SC)n1,-56.256841620743,-56.275580243866,-11.758654657290196
COC(=O)c1ccc(O)cc1,-33.408669020738,-33.422629484206,-8.760316470338395
CCCCCl,-17.706378964819,-17.709288925711,-1.8260266493788757
CCOc1ccc(NC(N)=O)cc1,-39.38733983654,-39.405196377615,-11.205140233431068
CON(C)C(=O)Nc1ccc(Cl)c(Cl)c1,-47.435128051455,-47.451850768588,-10.493655505411557
c1c(NC(=O)c2ccccc2(I))cccc1,-43.728493153336,-43.738989655716,-6.5866497119717655
c1cC2C(=O)NC(=O)C2cc1,-31.750977044131,-31.760902438355,-6.228274204106947
Fc1ccccc1Br,-23.684545432873,-23.688957408351,-2.768554320224223
CC12CCC(CC1)C(C)(C)O2,-34.699263173399,-34.701770267455,-1.5732240839864504
CNC(=O)ON=C(SC)C(=O)N(C)C,-45.814035548936,-45.836503096875,-14.098588539654903
c2ccc1NCCc1c2 ,-24.638910821545,-24.642494590933,-2.248847544895246
OCC3OC(OCC2OC(OC(C#N)c1ccccc1)C(O)C(O)C2O)C(O)C(O)C3O ,-104.195475016999,-104.241522835872,-28.895420773181417
ClC(Cl)C(Cl)(Cl)SN2C(=O)C1CC=CCC1C2=O ,-58.513648042434,-58.521260767219,-4.777053317109431
CN(C)C(=O)Nc1ccc(c(Cl)c1)n2nc(oc2=O)C(C)(C)C,-70.342969585676,-70.369119043824,-16.409020332992053
CN(C=Nc1ccc(C)cc1C)C=Nc2ccc(C)cc2C,-61.183715004369,-61.191965234833,-5.1770938682343
CCCCCCCCCCCCCCCCO,-55.686026119554,-55.69398951845,-4.997104477831706
CC(=O)OC3(C)CCC4C2CCC1=CC(=O)CCC1(C)C2CCC34C ,-75.705795834404,-75.720246357391,-9.06783322905245
CCI,-10.63876018047,-10.642266297933,-2.200120263090226
CCC(C)(C)C,-19.99729057388,-19.997600002695,-0.1941693662702056
CCC(C)c1cc(cc(N(=O)=O)c1O)N(=O)=O ,-53.536567040492,-53.553492452671,-10.62084847103149
CCCCCCCCOC(=O)c1ccccc1C(=O)OCCCCCCCC ,-87.089109756715,-87.104341932021,-9.55832709409057
CCCCc1c(C)nc(NCC)nc1OS(=O)(=O)N(C)C ,-67.304454311341,-67.330176319136,-16.140791389430568
CC(=O)C3CCC4C2CC=C1CC(O)CCC1(C)C2CCC34C ,-69.460273063818,-69.471746000936,-7.19937129797935
ClC(Cl)C(c1ccc(Cl)cc1)c2ccc(Cl)cc2,-53.282209760102,-53.291117240486,-5.589524108285629
CC(=O)OCC(COC(=O)C)OC(=O)C,-50.855298731275,-50.873760972871,-11.585222761663015
c1ccc2c(c1)sc3ccccc23,-33.024598515175,-33.025106302819,-0.3186413166968813
O=N(=O)c1c(Cl)c(Cl)ccc1,-34.428609099333,-34.439290374433,-6.702596256724541
CNC(=O)ON=C(CSC)C(C)(C)C ,-45.65667292454,-45.670466474555,-8.655576776363986
CCOc1ccc(cc1)C(C)(C)COCc3cccc(Oc2ccccc2)c3,-80.00122096715,-80.008732023852,-4.713255680015616
ClC(Cl)(Cl)C(NC=O)N1C=CN(C=C1)C(NC=O)C(Cl)(Cl)Cl ,-73.625745157233,-73.643762629632,-11.306126087620942
CCCCC(CC)COC(=O)c1ccccc1C(=O)OCC(CC)CCCC,-87.093359979287,-87.106867329096,-8.475983571298103
CSC,-10.571548762374,-10.571758868203,-0.1318432986498538
Clc1ccccc1c2ccccc2Cl ,-38.870468049698,-38.876016708768,-3.4818335043574766
CC34CC(O)C1(F)C(CCC2=CC(=O)CCC12C)C3CCC4(O)C(=O)CO ,-84.850692986654,-84.876937149557,-16.468448419097317
CCN2c1ccccc1N(C)C(=O)c3cccnc23 ,-52.636845631014,-52.648062046968,-7.038401958880414
CCc1ccc2ccccc2c1,-31.809825286253,-31.811659587793,-1.151040725062031
CCN(CC)C(=O)CSc1ccc(Cl)nn1,-49.179498133225,-49.192207762759,-7.975406919246981
C=CCC=C,-14.710823082591,-14.711713634967,-0.558829630910895
C1Cc2cccc3cccc1c23,-30.798765812359,-30.800830580469,-1.295660571937644
CBr,-7.74550905886,-7.748038774861,-1.5874195580714
COc2cnc1cncnc1n2,-33.801600494058,-33.814856524784,-8.318278584840218
Nc1cc(nc(N)n1=O)N2CCCCC2 ,-45.613652686106,-45.640080808156,-16.583884439473174
CN(C)C(=O)Nc1cccc(c1)C(F)(F)F,-51.173933425585,-51.190013705202,-10.090520182184251
ClC(Cl)(Cl)N(=O)=O,-26.718144247327,-26.719125542499,-0.6157715520865944
O2c1cc(C)ccc1N(C)C(=O)c3cc(N)cnc23 ,-53.537295334255,-53.556928014403,-12.319683486991202
ClC(Cl)=C(c1ccc(Cl)cc1)c2ccc(Cl)cc2,-52.247642967146,-52.254524895695,-4.318472101854054
CC#N,-8.688500961266,-8.69852465831,-6.289960108383237
CCC(C)Cl,-17.711430736446,-17.714609814518,-1.994900101881406
OCC(O)CO,-22.678937992325,-22.695885387869,-10.63464323042062
CCN(CC(C)=C)c1c(cc(cc1N(=O)=O)C(F)(F)F)N(=O)=O,-74.011636342856,-74.025087778617,-8.440897002957463
CCOP(=S)(OCC)SCSP(=S)(OCC)OCC,-65.011195351326,-65.023656144496,-7.819259861317875
CI,-7.473371869077,-7.476774539166,-2.135206104878143
CC(=O)N(S(=O)c1ccc(N)cc1)c2onc(C)c2C ,-59.678318919835,-59.704945055008,-16.708139456271933
ClC2=C(Cl)C3(Cl)C1C=CCC1C2(Cl)C3(Cl)Cl ,-51.76852347272,-51.774303522452,-3.62703322727952
CN(C)C(=O)NC1CCCCCCC1,-44.731207698429,-44.743290932838,-7.582338340755682
CC(C)CC(C)(C)C,-26.319458279593,-26.319950308843,-0.3087527826388931
O=C1NC(=O)NC(=O)C1(CC=C)c1ccccc1,-52.019265613673,-52.033042295425,-8.644991789515055
CCCCC(=O)OC3(C(C)CC4C2CCC1=CC(=O)C=CC1(C)C2(F)C(O)CC34C)C(=O)CO,-105.846650532576,-105.878231493574,-19.81733725489357
Cc1ccc(cc1)c2ccccc2,-33.937660795901,-33.939903797683,-1.4075038052201243
CCCCOC(=O)CCCCCCCCC(=O)OCCCC,-72.20611998685,-72.219918898372,-8.65894117026014
CCCCCC1CCCC1,-31.636812699444,-31.637535550186,-0.453595346262279
CCSCc1ccccc1OC(=O)NC ,-45.52853669321,-45.540218730896,-7.330583786304496
COc1ccccc1N(=O)=O,-33.568937773494,-33.580786157832,-7.434967807555266
CCCCCCCCCCCC(=O)OC,-49.258167127218,-49.264595503175,-4.0338637684013
CC12CCC(=O)C=C1CCC3C2CCC4(C)C3CCC4(O)C#C ,-67.357894127249,-67.371566300222,-8.579411590115962
OCCCC=C,-19.828384965864,-19.835298584472,-4.33835789908712
CC(C)C,-13.667558770351,-13.667640730126,-0.0514304964497268
CCOc1ccccc1,-26.279810822449,-26.282311062727,-1.5689232766072922
Clc1cc(Cl)c(Cl)cc1Cl,-32.073920893559,-32.078164724109,-2.663041864601688
CCc1ccccn1,-22.487007583006,-22.490650774416,-2.2861353984972173
Nc1nc[nH]n1,-18.003759489769,-18.021661595649,-11.233732558653594
CNC(=O)Oc1cccc2CC(C)(C)Oc12,-48.519907889886,-48.535180314809,-9.58358409100532
CCN(CC)c1c(cc(c(N)c1N(=O)=O)C(F)(F)F)N(=O)=O,-72.184974752441,-72.205065198986,-12.606936021014088
CCC(O)CC,-20.888292734577,-20.893947901401,-3.548668078560804
COC(=O)c1ccccc1OC2OC(COC3OCC(O)C(O)C3O)C(O)C(O)C2O,-102.76451247751,-102.803081174606,-24.20220454602067
Clc2ccc1oc(=O)[nH]c1c2,-32.678920468029,-32.690177645195,-7.063979986260434
Clc1ccc(cc1Cl)c2cc(Cl)c(Cl)c(Cl)c2Cl ,-55.057933418594,-55.066301561898,-5.25108523655234
Clc1ccc(cc1)N(=O)=O,-30.390079861463,-30.399184424596,-5.713195307025982
CN(C)C(=O)Nc1ccc(Cl)c(Cl)c1,-43.422203795156,-43.438571558865,-10.270919037270222
CN(=O)=O,-14.622853892132,-14.63210306746,-5.803940760897787
COc1nc(NC(C)C)nc(NC(C)C)n1,-49.871620628119,-49.890000170156,-11.533328044097845
CCCCC(C)O,-24.050895540708,-24.057624643178,-4.2225723618452955
CN(C)C(=O)Nc1ccc(Cl)cc1,-39.374291087379,-39.3884213165,-8.86684594549024
CN2C(=O)CN=C(c1ccccc1)c3cc(Cl)ccc23,-55.36403509268,-55.375876235388,-7.4304236195546975
Cc1c(C)c2c3ccccc3ccc2c4ccccc14,-50.992372932256,-50.995804657289,-2.1534383437304556
CCCCCCCC=C,-28.421999253297,-28.422838805195,-0.5268263719622224
CCCC(=O)CC,-23.025043353056,-23.029952763642,-3.080699327411616
CC1=CC(=O)CC(C)(C)C1 ,-30.476960852054,-30.484695346219,-4.853464698984808
CCOP(=S)(OCC)Oc1cc(C)nc(n1)C(C)C,-60.385217547924,-60.399275131532,-8.821260232272696
CC1CC2C3CCC4=CC(=O)C=CC4(C)C3(F)C(O)CC2(C)C1(O)C(=O)CO,-86.976385907435,-87.005374463758,-18.19057998968949
COC1=CC(=O)CC(C)C13Oc2c(Cl)c(OC)cc(OC)c2C3=O,-74.033416476444,-74.052466689802,-11.954180334065049
CCCOC(=O)CC,-27.115942857673,-27.122060103649,-3.838626905153886
CC1(C)C(C=C(Br)Br)C1C(=O)OC(C#N)c2cccc(Oc3ccccc3)c2,-80.01808640456,-80.033552099872,-9.704862999539364
C1CCC=CCC1,-21.090544473043,-21.091020732058,-0.2988568182428213
ClCC(Cl)Cl,-19.453731084376,-19.458615702241,-3.0651416718497804
C1CC=CC1,-14.760504286929,-14.760885397973,-0.2391506101092315
Clc1ccccc1N(=O)=O,-30.383435146909,-30.394302606478,-6.819428686683017
Clc1cccc(Br)c1,-23.511682652417,-23.515533349677,-2.4163471869247006
CCOC(=O)c1ccc(O)cc1,-36.575996888336,-36.590550195801,-9.132331414054928
CC34CCC1C(CC=C2CC(O)CCC12C)C3CCC4=O,-63.153855300118,-63.165628465734,-7.387767382529884
Clc1ccc(c(Cl)c1)c2cc(Cl)ccc2Cl ,-46.970656683718,-46.977783297824,-4.472014491041548
Clc1ccc(Cl)c(c1)c2c(Cl)c(Cl)c(Cl)c(Cl)c2Cl,-59.103724788157,-59.109765826094,-3.7908056748061143
CCCCCCCCCCCCCCO,-49.357901374158,-49.365516183257,-4.778361242906361
CCOC(=O)c1cncn1C(C)c2ccccc2,-52.14561806473,-52.158257538635,-7.931383630650819
CCCCCCCC(C)O,-33.54496652481,-33.552079907257,-4.463711505936052
CN(C)C(=S)SSC(=S)N(C)C ,-37.813555862864,-37.828541511767,-9.403629557472645
CC1(C)C(C(=O)OC(C#N)c2cccc(Oc3ccccc3)c2)C1(C)C,-73.914413859168,-73.928914254631,-9.099128656593392
CCCCOCN(C(=O)CCl)c1c(CC)cccc1CC ,-65.300799437477,-65.311598570959,-6.776553452162546
CC(=O)Nc1nnc(s1)S(N)(=O)=O ,-41.983017252192,-42.018917648184,-22.52782158854498
CCCCC(=O)OCC,-30.280290910706,-30.28649292137,-3.891817509756778
CCCCC(CC)CO,-30.374943504812,-30.380957951809,-3.774119620640362
CCOP(=S)(OCC)SC(CCl)N2C(=O)c1ccccc1C2=O,-71.535265755877,-71.554486979689,-12.061490933042064
CCC(=O)OC3CCC4C2CCC1=CC(=O)CCC1(C)C2CCC34C ,-75.700559110569,-75.714279570498,-8.6097120895807
Nc3ccc2cc1ccccc1cc2c3 ,-38.502378526626,-38.50958977799,-4.525125132170969
Clc1cccc(c1Cl)c2cccc(Cl)c2Cl,-46.966372973398,-46.975191014126,-5.533399919183395
Clc1ccccc1Cl,-23.980662784145,-23.985391181602,-2.9671119598450586
COc2c1occc1cc3ccc(=O)oc23 ,-46.044982264195,-46.056580526288,-7.278013847717989
CCN2c1cc(Cl)ccc1NC(=O)c3cccnc23 ,-53.522115183452,-53.534981414118,-8.073675538990374
CCCc1ccccc1,-25.37985210757,-25.380994037149,-0.7165710881904183
OC(c1ccc(Cl)cc1)(c2ccc(Cl)cc2)C(Cl)(Cl)Cl,-61.380732475905,-61.39287566154,-7.619958274635896
CCCCSP(=O)(SCCCC)SCCCC,-55.922060399699,-55.929389900956,-4.599328004277032
CSc1nc(NC(C)C)nc(NC(C)C)n1,-49.040064217034,-49.056187426793,-10.117459232661345
Oc1cc(Cl)c(Cl)cc1Cl,-32.098300063102,-32.110062830907,-7.381242662545005
Clc1ccc2ccccc2c1,-29.527431516057,-29.530803339528,-2.115849574463364
Oc1c(Br)cc(C#N)cc1Br ,-31.62725289913,-31.639727082463,-7.827662309108326
c1ccc2ncccc2c1,-25.745766281897,-25.750237781609,-2.8059063127753903
CCO,-11.394338679806,-11.400883830374,-4.10714088777503
O=C2NC(=O)C1(CCC1)C(=O)N2,-37.160868188295,-37.174980003148,-8.855290826592817
O=C1N(COC(=O)CCCCCCC)C(=O)C(N1)(c2ccccc2)c3ccccc3,-87.865317152684,-87.882300667593,-10.657308457032007
Nc1ccccc1N(=O)=O,-29.786034123841,-29.801371072052,-9.624073034936927
CC12CC(O)C3C(CCC4=CC(=O)C=CC34C)C2CCC1(O)C(=O)CO,-79.57610352569,-79.599854601019,-14.904013528626995
OC(CC(c1ccccc1)c3c(O)c2ccccc2oc3=O)c4ccc(cc4)c5ccc(Br)cc5 ,-96.322885291503,-96.34637225842,-14.738283123123049
Nc1ccc(Cl)cc1,-23.369801959586,-23.378244303422,-5.29764673818575
c1(O)c(C)ccc(C(C)C)c1,-32.624742223779,-32.631991699451,-4.549111229459561
Cc1ccc(O)c(C)c1,-26.293773475179,-26.299758323539,-3.7555462095334393
CC(C)N(C(C)C)C(=O)SCC(=CCl)Cl,-49.44213438761,-49.451794734964,-6.0619549077611925
CC(C)(C)C(=O)C(Oc1ccc(Cl)cc1)n2cncn2,-59.591620336388,-59.606306736087,-9.215847988721103
O=c2[nH]c(=O)c1[nH]c(=O)[nH]c1[nH]2 ,-36.729504388376,-36.757165085547,-17.357336421077633
CCCCCCCC,-26.317105097674,-26.317680336101,-0.3609672900885673
CCNc1ccccc1,-25.647909936695,-25.651410138368,-2.1964080516219457
CC(C)CC(C)C,-23.156387410407,-23.156806901057,-0.2632341582906539
CC(C)Cl,-14.547617491016,-14.550911618239,-2.067094479577813
NC(=O)N,-14.097819693202,-14.116908821705,-11.978599937788704
Clc1ccc(cc1)c2cccc(Cl)c2Cl ,-42.919162535142,-42.926342500237,-4.505492716797356
CCCCCCCC(=O)C,-32.517768772317,-32.523244030546,-3.4357738160246765
CC(C)N(C(C)C)C(=O)SCC(Cl)=C(Cl)Cl,-53.483082855806,-53.49326067044,-6.386670283165539
c1c(Br)ccc2ccccc12 ,-29.05631145919,-29.060035168086,-2.3366608456203704
CCC1(CCC(=O)NC1=O)c2ccccc2 ,-46.57454942316,-46.585699060778,-6.99649795203177
CC(C)c1ccccc1,-25.380449976403,-25.381633244545,-0.742511408518476
CC1CCCCC1NC(=O)Nc2ccccc2,-50.134425589899,-50.146815893612,-7.7750270926395135
CCOP(=S)(OCC)SCSCC,-44.156124511696,-44.163887926765,-4.871612826533275
C/C=C/C=O,-15.636171795076,-15.641872789191,-3.5774251161090627
CCCCN(CC)c1c(cc(cc1N(=O)=O)C(F)(F)F)N(=O)=O,-75.062221060344,-75.075486555965,-8.324217891637456
CSSC,-13.837498079615,-13.837146915139,0.2203588691698164
c1ccc2c(c1)ccc3ccccc32,-35.071726721095,-35.073962259008,-1.402820160249913
O=C2NC(=O)C1(CCCCCC1)C(=O)N2 ,-46.673578939253,-46.686994332077,-8.418279735596082
CC12CC(=O)C3C(CCC4=CC(=O)CCC34C)C2CCC1(O)C(=O)CO,-79.596074014378,-79.618571050177,-14.11709243718952
C1CCCCC1,-18.97813284264,-18.97824889088,-0.072821315033463
Cc1c2ccccc2cc3ccccc13,-38.229188797809,-38.231797006454,-1.6366743986155132
CC(=C)C1CC=C(C)C(=O)C1,-32.579764321542,-32.586713297819,-4.360545154605161
CCOP(=S)(OCC)ON=C(C#N)c1ccccc1,-57.168144435717,-57.187231943211,-11.977582740056633
Brc1cccc(Br)c1,-23.039748232746,-23.043638593441,-2.4412363493583618
CCCOC(C)C,-24.05220599793,-24.05503010234,-1.7721509342164492
CC13CCC(=O)C=C1CCC4C2CCC(C(=O)CO)C2(CC(O)C34)C=O ,-79.575901358389,-79.601143592442,-15.83972904836152
CCC(Br)(CC)C(=O)NC(N)=O,-39.711889623839,-39.732107103783,-12.686650622180489
CCCCCOC(=O)C,-30.279547100849,-30.286103924908,-4.1144661084392675
CCCCCCCCl,-27.194694245693,-27.197902070545,-2.012938965052412
CC(C)CCCO,-24.052030882819,-24.058945331613,-4.338878848273759
CC34CCc1c(ccc2cc(O)ccc12)C3CCC4=O,-55.897804046259,-55.909737564017,-7.488389794806495
c1ccc(Cl)cc1C(c2ccc(Cl)cc2)(O)C(=O)OC(C)C,-65.882958895649,-65.896537113354,-8.520453813848869
CCCCCCl,-20.871502869521,-20.874535251692,-1.9028471037419643
CC(C)CCOC(=O)C,-30.282830895524,-30.28938288857,-4.111434604301901
Clc1cccc(Cl)c1c2ccccc2 ,-38.868565745299,-38.873196193798,-2.905648107159176
Oc1ccc(C=O)cc1,-26.147986908884,-26.159280833264,-7.087039193768506
CCC(C)(O)CC,-24.056552419882,-24.061774420707,-3.2768525156951447
C1C(O)CCC2(C)CC3CCC4(C)C5(C)CC6OCC(C)CC6OC5CC4C3C=C21,-91.506463757939,-91.517660261708,-7.0259068835813165
COc1ccc(Cl)cc1,-27.16515549354,-27.16931499065,-2.6101218720005708
NC(=S)Nc1ccccc1,-28.153204867058,-28.166837436117,-8.554559777643062
OCc1ccccc1,-23.103925821453,-23.110686897006,-4.242635759188234
O=C(C=CC=Cc2ccc1OCOc1c2)N3CCCCC3,-61.209108407011,-61.220783594553,-7.326285259290668
Clc1ccc(c(Cl)c1)c2ccc(Cl)c(Cl)c2Cl ,-51.014588664205,-51.023087297864,-5.3329691087267195
COP(=S)(OC)SCC(=O)N(C(C)C)c1ccc(Cl)cc1,-66.337931034925,-66.353543236553,-9.79679703137715
COC(=O)C,-17.619762312938,-17.626013349798,-3.9225818889818465
CCNc1nc(NC(C)(C)C)nc(OC)n1,-49.873135041144,-49.891093121593,-11.268857104470737
Cc1c[nH]c2ccccc12 ,-26.787156493253,-26.791594347966,-2.7847937731000285
NS(=O)(=O)c2cc1c(NCNS1(=O)=O)cc2Cl ,-55.12948983247,-55.175407038974,-28.81346033611902
CC(=O)Nc1ccc(O)cc1,-32.782997976473,-32.799054931366,-10.075883707953256
CN(C)c1nc(nc(n1)N(C)C)N(C)C,-46.07965507664,-46.095671475484,-10.050434422196302
Clc1ccccc1C2=NCC(=O)Nc3ccc(cc23)N(=O)=O,-62.652994646366,-62.672399279099,-12.17658168165208
CCCCc1c(C)nc(nc1O)N(C)C ,-46.139049373766,-46.154003643636,-9.383938931855804
c1ccc2cnccc2c1,-25.745157606826,-25.750044050669,-3.066287489476299
COP(=S)(OC)Oc1ccc(cc1Cl)N(=O)=O,-55.314509307918,-55.328233271266,-8.611910516539695
NS(=O)(=O)c3cc2c(NC(Cc1ccccc1)NS2(=O)=O)cc3C(F)(F)F,-84.974184361065,-85.014525294857,-25.31429902288119
Cc1ccc(C)c2ccccc12,-31.813164222444,-31.81523824368,-1.301466991779996
Clc1c(Cl)c(Cl)c(c(Cl)c1Cl)c2c(Cl)c(Cl)c(Cl)c(Cl)c2Cl ,-71.235649719976,-71.239538939113,-2.4405200114448324
Cc1ccccc1C,-22.220810451531,-22.222237251177,-0.8953296190604269
FC(F)(F)c1cccc(c1)N2CC(CCl)C(Cl)C2=O,-61.128151130071,-61.145004719448,-10.575779016376275
CCCC#C,-14.710992865811,-14.712446452876,-0.9121389655704478
c1ccc2c(c1)[nH]c3ccccc32,-33.221667136487,-33.226302817585,-2.9089316101258222
COC=O,-14.443369158116,-14.447230275909,-2.422886165167025
CCCCCOC(=O)CC,-33.443983591471,-33.450221368991,-3.9142615337971143
CCCCN(C)C(=O)Nc1ccc(Cl)c(Cl)c1,-52.917422389081,-52.931647738548,-8.92653481869045
Brc1cc(Br)c(Br)cc1Br,-30.186200161593,-30.188439018613,-1.4049029297632052
CC12CCC(O)CC1CCC3C2CCC4(C)C3CCC4=O,-64.191104910825,-64.202165171544,-6.940413143513825
CC(=O)Nc1ccc(Br)cc1,-32.291262919431,-32.303119822865,-7.440313616966693
CCCOCC,-20.884936537388,-20.887525926048,-1.6248646886471894
CC(C)Oc1cc(c(Cl)cc1Cl)n2nc(oc2=O)C(C)(C)C,-68.515612083207,-68.530901758753,-9.594409012195278
C1OC(O)C(O)C(O)C1O,-36.134885304127,-36.156453107685,-13.533990842876904
c1ccsc1,-13.818274567454,-13.816834551045,0.9036232567957664
O=C2NC(=O)C1(CCCC1)C(=O)N2,-40.352435207288,-40.366102618829,-8.576423748677076
CCCCCC,-19.990114017936,-19.990441648546,-0.2055911564494912
CC5(C)OC4CC3C2CCC1=CC(=O)C=CC1(C)C2(F)C(O)CC3(C)C4(O5)C(=O)CO ,-96.358447621746,-96.380702301804,-13.96501202852299
O=C1N(COC(=O)CCCC)C(=O)C(N1)(c2ccccc2)c3ccccc3,-78.366623433498,-78.384284291003,-11.082347032100389
CCOP(=S)(OCC)Oc1ccc(cc1)N(=O)=O,-57.60906765171,-57.624257888448,-9.532010265225862
Clc1ccccc1,-19.932461124327,-19.935276945243,-1.7669529671794078
CCC(C)O,-17.726198409427,-17.731483800635,-3.3166305515419734
CCCCOCCCC,-30.377103574594,-30.379809513626,-1.698001096032057
CCCCC=C,-18.93378964563,-18.934512939055,-0.4538731338286692
ClC1C(Cl)C(Cl)C(Cl)C(Cl)C1Cl,-43.227875620827,-43.236287801954,-5.27871936682232
OCC1OC(O)C(O)C(O)C1O,-43.362203651407,-43.38831004855,-16.381999164804423
CCCCC(C)(C)O,-27.219316835528,-27.224819030505,-3.452676867821037
c1cnc2c(c1)ccc3ncccc23,-35.617421405671,-35.624545343831,-4.470335310843097
Fc1c[nH]c(=O)[nH]c1=O ,-28.830596038552,-28.849146294154,-11.640452342556165
CCCCCCCCC=C,-31.589406655963,-31.590570356672,-0.730232668203995
O=N(=O)c1ccccc1N(=O)=O,-36.781305431256,-36.797119126564,-9.92323612902619
C1c2ccccc2c3ccc4ccccc4c13,-42.528698752463,-42.531780332756,-1.9337193680797105
CCc1ccc(C)cc1,-25.385434179735,-25.386786123729,-0.8483570237303636
Fc1cccc(Br)c1,-23.68903786777,-23.692943101122,-2.450569075480442
CCCCCCC#C,-24.20054406374,-24.202395198666,-1.16160382627904
CCC(C(CC)c1ccc(O)cc1)c2ccc(O)cc2,-57.890133856342,-57.904385486119,-8.943025949735567
Cc1cc(C)c(C)cc1C,-28.561502192047,-28.563247695986,-1.0953194312570964
ClC=C(Cl)Cl,-18.412064666758,-18.414228884226,-1.3580659391270005
CC(C)C(C)O,-20.891901448981,-20.897315489662,-3.3973592536935864
CCCCOCCO,-28.102894361434,-28.11252423288,-6.042831001206986
Oc1cccc2ncccc12 ,-29.81776465869,-29.82672415507,-5.622164613918074
CCC(CC)C=O,-23.013877497518,-23.017181386593,-2.073220129563694
COc1ccc(cc1)C(O)(C2CC2)c3cncnc3 ,-54.215141686781,-54.229984121387,-9.31376129717359
CCCCCCCCCC(C)O,-39.87167647788,-39.878933974521,-4.554144459694729
CCCCOC,-20.881007493711,-20.88333998219,-1.463657512970152
CCOC=O,-17.611530675785,-17.615425791994,-2.444220477192102
Cc2cccc3sc1nncn1c23 ,-34.865877245667,-34.877661807045,-7.394918325747745
Cc1ccc(O)cc1,-23.124362722578,-23.131463452457,-4.45577190564323
CN(C)C(=O)Nc1ccc(C)c(Cl)c1,-42.545562983122,-42.559148824435,-8.525237696480781
OCC2OC(Oc1ccccc1CO)C(O)C(O)C2O,-65.472076196838,-65.49741620272,-15.901081751008304
CN(C)c2c(C)n(C)n(c1ccccc1)c2=O ,-49.342462077113,-49.357455701517,-9.40863425612914
c1ccccc1NC(=O)c2c(O)cccc2,-44.499550531036,-44.515769446034,-10.177515131479629
CCCOP(=S)(OCCC)SCC(=O)N1CCCCC1C,-68.555725864707,-68.573007266845,-10.844235374211944
O=C1N(COC(=O)CCCCCC)C(=O)C(N1)(c2ccccc2)c3ccccc3,-84.700092106887,-84.717918394938,-11.186156188593465
CCN(CC)c1nc(Cl)nc(NC(C)C)n1,-49.850688007233,-49.867679999355,-10.662627984480531
CC(C)c1ccc(C)cc1,-28.551109626953,-28.552545128946,-0.900790420125938
Cc1cc(C)c(O)c(C)c1,-29.463448402515,-29.469483194376,-3.7868862059050703
O=N(=O)c1cccc2ccccc12,-35.931923407771,-35.940991275369,-5.690168528552575
Oc1ccc(Br)cc1,-23.535276223157,-23.544538658744,-5.812261692763282
C=CC=C,-11.552701852686,-11.553426842979,-0.4549379337698546
CCBr,-10.911560892924,-10.914263314954,-1.6957941456241312
O=C1NC(=O)C(=O)C(=O)N1 ,-31.692792257564,-31.706328172625,-8.493908524012173
ClC(Cl)C(Cl)Cl,-23.488680161874,-23.493526493035,-3.0411164205066084
CCN2c1ccccc1N(C)C(=S)c3cccnc23 ,-51.810667848954,-51.819685399279,-5.658593986893672
Cc2cnc1cncnc1n2,-29.726713599623,-29.740695290807,-8.77363705318069
CC(=O)C3(C)CCC4C2C=C(C)C1=CC(=O)CCC1(C)C2CCC34C,-73.727793876323,-73.741060198645,-8.324736653953655
CCCCCC=C,-22.097253132372,-22.097923310407,-0.4205427485656662
CCN2c1nc(N(C)(CCO))ccc1NC(=O)c3cccnc23 ,-66.755333540339,-66.773281944128,-11.262784913235558
CCCCCCCCC,-29.483419577411,-29.484138326199,-0.4510213332110712
N#Cc1ccccc1,-20.399826075408,-20.409086300583,-5.810874639337837
CC1(C)C(C=C(Cl)Cl)C1C(=O)OC(C#N)c2ccc(F)c(Oc3ccccc3)c2,-85.179629252765,-85.199914678222,-12.729287043099236
O=C(Nc1ccccc1)Nc2ccccc2,-43.878444636701,-43.891605536016,-8.258582768258757
CC(C)C(O)C(C)C,-27.218619666347,-27.223185862775,-2.865329354338787
CCCCCBr,-20.405706647042,-20.408386217944,-1.6814548571431147
Oc1ccc(Cl)cc1Cc2cc(Cl)ccc2O,-50.185553706238,-50.200429231273,-9.33452583918914
CCCCCCCCC(=O)OCC,-42.935319109079,-42.942312222041,-4.388241321667341
Cn1cnc2n(C)c(=O)[nH]c(=O)c12 ,-38.985910538116,-39.004482954505,-11.654358435844152
CC(C)CC(C)O,-24.053710156892,-24.060467508571,-4.2402989947393115
O=C1NC(=O)NC(=O)C1(CC=C)CC=C,-45.566980103156,-45.580929763277,-8.753537272868495
Cc1cccc2ccccc12,-28.643942321372,-28.645801251697,-1.1664955093124154
CCC(C)CC,-19.99276710993,-19.993074527204,-0.1929071061913502
CC(Cl)Cl,-15.419553983189,-15.42392863514,-2.7451334711201687
C=CCCC=C,-17.876270428901,-17.877247708696,-0.6132518668797194
NS(=O)(=O)c2cc1c(N=CNS1(=O)=O)cc2Cl ,-54.098951100009,-54.137162452027,-23.977967293460424
COC(C)(C)CCCC(C)CC=CC(C)=CC(=O)OC(C)C,-70.223166799444,-70.235207258872,-7.55549665520062
Oc1c(Cl)cc(Cl)c(Cl)c1Cl,-36.143223514099,-36.151885717936,-5.435610867550851
c1(C(=O)OCCCCCC(C)(C))c(C(=O)OCCCCCC(C)(C))cccc1,-87.091962125054,-87.10660933685,-9.191257226898069
O=C2NC(=O)C1(CCCCC1)C(=O)N2,-43.516405729548,-43.5300140493,-8.539343119259195
CCOC(=O)NCCOc2ccc(Oc1ccccc1)cc2,-65.306204465368,-65.318681798302,-7.829638712079731
Ic1ccccc1,-19.188036377319,-19.192116200951,-2.5601260474909404
CCCCCC(C)O,-27.213989638296,-27.220583472837,-4.137690518988605
CN(C)C(=O)Oc1nc(nc(C)c1C)N(C)C,-52.642074650628,-52.66194478951,-12.468690979708391
NC(=O)CCl ,-17.858249262621,-17.87081676108,-7.886218390508118
CCCC(C)(C)O,-24.056854522961,-24.062977538031,-3.8422470635600825
CCCC(C)(COC(N)=O)COC(N)=O ,-50.625034489732,-50.652416394469,-17.18239165960907
CCC(C)CO,-20.887208403315,-20.893561611452,-3.986695284840677
CSCS(=O)CC(CO)NC(=O)C=Cc1c(C)[nH]c(=O)[nH]c1=O,-73.145129636601,-73.17988449928,-21.808989124842025
COC(=O)C1=C(C)NC(=C(C1c2ccccc2N(=O)=O)C(=O)OC)C ,-75.765399733455,-75.789576869958,-15.171370749860412
COCC(=O)N(C(C)C(=O)OC)c1c(C)cccc1C ,-62.046108035468,-62.060193856284,-8.838979334427181
Cc2c(N)c(=O)n(c1ccccc1)n2C,-43.012028832898,-43.028886005217,-10.578027344723282
C1N(C(=O)NCC(C)C)C(=O)NC1,-41.748372009701,-41.772808112437,-15.333874391762846
C=CCS(=O)SCC=C,-28.437246534648,-28.444506057778,-4.555416099782683
CCCCCCCCCCCCO,-43.031222146514,-43.038616139225,-4.639796972088047
CCc1cccc(C)c1N(C(C)COC)C(=O)CCl ,-58.967507807909,-58.979474152266,-7.508988781116122
CCc1ccccc1C,-25.383949076422,-25.385318649981,-0.8594197344344079
CC(C)Nc1nc(Cl)nc(NC(C)C)n1,-46.677328996608,-46.695700441348,-11.528246917355771
CC34CCC1C(CCc2cc(O)ccc12)C3CCC4(O)C#C ,-63.185627494456,-63.199654499283,-8.802071771985755
Cc3ccnc4N(C1CC1)c2ncccc2C(=O)Nc34 ,-55.031414832827,-55.044103890342,-7.962497792182812
Cn1c(=O)n(C)c2nc[nH]c2c1=O,-38.979752548228,-38.998198021073,-11.574700219494416
CCCCCCCCCCCCCCCO,-52.522053636071,-52.529483251678,-4.662150659934186
FC(F)(Cl)C(F)(F)Cl,-32.287973058272,-32.285985933831,1.2469384708482485
ClCCCl,-15.414023169265,-15.420305412916,-3.942164431195601
CCCCCCCCCCCCCCCCCCCC,-64.283502413847,-64.285432957444,-1.2114334820088006
CC12CC(O)C3C(CCC4=CC(=O)CCC34C)C2CCC1(O)C(=O)CO,-80.628664381698,-80.651935043188,-14.60254952092995
COP(=S)(OC)Oc1ccc(SC)c(C)c1,-50.389294646971,-50.399599888076,-6.466631540553945
CN(C)C(=O)SCCCCOc1ccccc1,-51.845961420479,-51.856842639024,-6.828062567955669
Nc1cc[nH]c(=O)n1 ,-23.963618182781,-23.987857021879,-15.210089683547132
CC1(C)C2CCC1(C)C(O)C2,-34.688617247158,-34.695599968822,-4.381720688656329
CCOC(=O)Nc2cccc(OC(=O)Nc1ccccc1)c2 ,-64.596048754282,-64.61534264146,-12.10708784918501
COc1ccccc1OCC(O)COC(N)=O,-54.46982493302,-54.487674011567,-11.20045742995055
Cc1cccc(C)c1O,-26.293358874625,-26.299217918942,-3.676603040315737
O=C1c2ccccc2C(=O)c3ccccc13,-42.165667956202,-42.174546587284,-5.57142091163372
CN(C)C(=O)C,-20.154185165486,-20.163967286165,-6.138368765160057
COC(=O)Nc1cccc(OC(=O)Nc2cccc(C)c2)c1,-64.598411619227,-64.618294821828,-12.47688858095597
OCC1OC(O)(CO)C(O)C1O,-43.353526831728,-43.384202155282,-19.249041608047015
CC(C#C)N(C)C(=O)Nc1ccc(Cl)cc1,-46.753734222303,-46.768204400521,-9.080167063397642
Oc1ccc2ccccc2c1,-29.548576252688,-29.556145437841,-4.749731806173168
Clc1cc(Cl)c(cc1Cl)c2cc(Cl)c(Cl)cc2Cl ,-55.062300185383,-55.070259358074,-4.994452496153789
Clc1ccccc1Br,-23.509384501098,-23.5138992991,-2.8330763794364247
Oc1ccc(cc1)c2ccccc2,-34.841171208955,-34.84906832087,-4.95550880067404
c1(O)cc(O)ccc1CCCCCC,-43.018113229961,-43.031271757168,-8.25709424913545
CCCCCCC(C)O,-30.377126476771,-30.383749035246,-4.155715046089706
OC1C(O)C(O)C(O)C(O)C1O,-43.363041504576,-43.387216936737,-15.170301259913565
CC(C)N(=O)=O,-20.95824631492,-20.965045365752,-4.266465588538009
c1ccc(cc1)c2ccc(cc2)c3ccccc3,-45.654380904516,-45.657371096162,-1.8763721695892608
CSc1nnc(c(=O)n1N)C(C)(C)C,-43.253406892854,-43.26869044642,-9.590567414647287
COc1ccccc1O ,-27.187138220258,-27.194315199604,-4.503619132428648
CCC(C)(C)CC,-23.158766884088,-23.159190755478,-0.2659831120684833
CCCCCC=O,-23.013325746847,-23.017240577808,-2.4565916615069736
CCCC/C=C/C,-22.102119278605,-22.102895779042,-0.4872610127227947
CCCC(C)(C)CO,-27.215687916929,-27.221391726946,-3.579192119957471
CC(C)CC(C)(C)O,-27.21839562263,-27.223046147516,-2.918246220690811
CCCCCCO,-24.045215138104,-24.052874003457,-4.80600693879629
CCOP(=S)(OCC)Oc2ccc1oc(=O)c(Cl)c(C)c1c2,-68.946529279475,-68.964300269754,-11.151456338987645
COP(=O)(OC)OC(Br)C(Cl)(Cl)Br,-48.324337068107,-48.332614103673,-5.1939143109870525
Nc1nc(O)nc2nc[nH]c12 ,-31.976756619698,-32.008527736621,-19.93666180923268
Oc1ccc(Cl)cc1C(=O)Nc2ccc(cc2Cl)N(=O)=O,-63.066811364621,-63.085407559926,-11.669279919641488
CCOP(=S)(OCC)Oc1nc(Cl)n(n1)C(C)C,-59.397378552978,-59.415668519603,-11.477118666890355
Cc1cc(no1)C(=O)NNCc2ccccc2,-49.155188162005,-49.173230344579,-11.321631944828049
ClCCl,-12.245968148238,-12.249972126796,-2.5125325809519863
CCN(CC)c1nc(Cl)nc(n1)N(CC)CC,-53.017568462662,-53.031790309388,-8.92433681718694
Cc1c(cccc1N(=O)=O)N(=O)=O,-39.958454976371,-39.971555776504,-8.220869990656169
c2cnc1ncncc1n2,-26.550383079141,-26.563048497415,-7.947663955699763
Clc2c(Cl)c(Cl)c(c1ccccc1)c(Cl)c2Cl ,-51.002344509539,-51.006097600204,-2.3550981701038074
CC12CC(O)C3C(CCC4=CC(=O)CCC34C)C2CCC1C(=O)CO,-76.558092545371,-76.580879076656,-14.298753460123503
ClC(Cl)C(c1ccc(Cl)cc1)c2ccccc2Cl ,-53.280221746545,-53.288822339272,-5.396949341526681
Clc1ccccc1c2ccccc2,-34.818614157542,-34.822259524915,-2.2875008348617163
CCC(C)n1c(=O)[nH]c(C)c(Br)c1=O ,-44.031884638081,-44.047224152236,-9.625683187886768
Oc1cccc(O)c1,-24.028716946796,-24.041482420889,-8.010449882625101
ClCBr,-11.778277618896,-11.78075617004,-1.5553131498201405
CC(C)COC(=O)C,-27.118360836588,-27.124866510896,-4.082369179337851
Oc2ccc1ncccc1c2 ,-29.82045638982,-29.830949981193,-6.584823028881383
CC4CC3C2CCC1=CC(=O)C=CC1(C)C2(F)C(O)CC3(C)C4(O)C(=O)COC(C)=O ,-96.361413696753,-96.389827357166,-17.82982763209751
COC(=O)c1cc(O)c(O)c(O)c1 ,-41.554914458965,-41.578399061986,-14.736799757102512
CC(C)C(=O)C(C)C,-26.189241819129,-26.193987101227,-2.9777072240337867
Cc1cccc(C)c1NC(=O)c2cc(c(Cl)cc2O)S(N)(=O)=O,-69.686510399275,-69.725973014639,-24.76314630444945
ClC4=C(Cl)C5(Cl)C3C1CC(C2OC12)C3C4(Cl)C5(Cl)Cl,-61.123235206933,-61.129583118987,-3.983371945091385
CCC(C)(C)O,-20.894597104554,-20.900333256388,-3.5994869012016473
N(c1ccccc1)c2ccccc2,-34.207555063644,-34.211353153111,-2.3833353233458907
Clc1cccc2ccccc12,-29.526988181023,-29.530157601979,-1.9888401746777904
CCOC(C)OCC,-28.115402721201,-28.120962314083,-3.4886945697894247
CCOC(=O)N,-21.070249379041,-21.08445565672,-8.91456710007019
CCCN(CCC)c1c(cc(cc1N(=O)=O)C(C)C)N(=O)=O,-68.725263757067,-68.738977309214,-8.605377394209167
CCCCOc1ccc(C(=O)OCC)c(c1)N(CC)CC ,-65.320454709771,-65.330452017361,-6.273400488492163
O=C1NC(=O)NC(=O)C1(CC)C(C)CCC,-50.845847902912,-50.859358437894,-8.477982296022171
Nc3cc2c1ccccc1ccc2c4ccccc34 ,-48.101858231303,-48.109417224567,-4.743336304098472
CCC(C)C1(CC(Br)=C)C(=O)NC(=O)NC1=O ,-53.370080198052,-53.384213501889,-8.868775357451588
CCCC(C)CO,-24.045821742341,-24.053450642717,-4.7872036460422365
OC3N=C(c1ccccc1Cl)c2cc(Cl)ccc2NC3=O,-60.309919222611,-60.329955751127,-12.57310197254777
Fc1cccc(F)c1C(=O)NC(=O)Nc2cc(Cl)c(F)c(Cl)c2F ,-75.058825985616,-75.085621025569,-16.814128725867587
CC2=CC(=O)c1ccccc1C2=O ,-35.727801873644,-35.735953378643,-5.115142750421234
Clc1cc(c(Cl)c(Cl)c1Cl)c2cc(Cl)c(Cl)c(Cl)c2Cl,-63.147225366004,-63.154978425069,-4.865114340816375
ClC1=C(Cl)C2(Cl)C3C4CC(C=C4)C3C1(Cl)C2(Cl)Cl,-57.07096305978,-57.076814229504,-3.6716616623397553
Nc1ncnc2n(ccc12)C3OC(CO)C(O)C3O ,-58.688175690616,-58.714719031663,-16.656185397063428
CC1CCCC1,-18.981359621098,-18.981580878667,-0.1388411158648822
COc2c1occc1c(OC)c3c(=O)cc(C)oc23 ,-56.429217126656,-56.441818554781,-7.907509561292006
CC1OC(CC(O)C1O)OC2C(O)CC(OC2C)OC8C(O)CC(OC7CCC3(C)C(CCC4C3CCC5(C)C(CCC45O)C6=CC(=O)OC6)C7)OC8C ,-173.450793791205,-173.490836084305,-25.126899300879515
CC(C)C(C)(C)C,-23.159832103428,-23.160244377873,-0.2587059247080097
CCCCCCCCCCO,-36.697385244963,-36.705040408826,-4.803684220506865
CCC(C)CCO,-24.047844142645,-24.055494561975,-4.80070698334785
CCCCCCC(=O)C,-29.352591937824,-29.357894378087,-3.3273289869958265
O=c2c(C3CCCc4ccccc43)c(O)c1ccccc1o2 ,-61.075082729442,-61.091179942215,-10.10114588997101
c1ccc2cc3cc4ccccc4cc3cc2c1,-44.653117090098,-44.656092117454,-1.866856441136952
CC(=O)CCC1C(=O)N(N(C1=O)c2ccccc2)c3ccccc3,-67.916143197165,-67.931513148559,-9.64478282930186
O=C1NCCN1c2ncc(s2)N(=O)=O,-42.999383707653,-43.024747172907,-15.91580271806965
CCC1(CCC(C)C)C(=O)NC(=O)NC1=O,-50.859855398819,-50.873885973969,-8.80431218180278
CO,-8.226118332987,-8.233356488556,-4.542007762947889
CC(=O)OC3(CCC4C2CCC1=CC(=O)CCC1C2CCC34C)C#C,-73.585735911422,-73.601942561741,-10.16981893502031
O=N(=O)c1ccc(cc1)N(=O)=O,-36.791657891518,-36.804853904256,-8.280616757209486
CC34CCC1C(CCC2CC(=O)CCC12C)C3CCC4O ,-64.179314946487,-64.191624430315,-7.724311887427803
Clc1cccc(n1)C(Cl)(Cl)Cl,-35.494205892162,-35.500310838915,-3.8309090320272294
OC(Cn1cncn1)(Cn2cncn2)c3ccc(F)cc3F ,-65.036328309645,-65.059286917233,-14.406732888935194
CCC=O,-13.520299257151,-13.523754259488,-2.1680450614877818
CN(C)C(=O)Nc1ccccc1,-35.321593212878,-35.334023049507,-7.799834353229315
ClCCC#N ,-15.8899545255,-15.900829680837,-6.824257850365887
CC(C)c1ccc(NC(=O)N(C)C)cc1,-44.82232338196,-44.835070769057,-7.999100129851837
c1ccnnc1,-16.392266355559,-16.400051219595,-4.88507224636694
Oc1cccc(c1)N(=O)=O,-30.413543909437,-30.428542278717,-9.411611708523925
O(c1ccccc1)c2ccccc2,-34.836548129156,-34.839214626841,-1.6732512958157886
CC(O)C(C)(C)C,-24.057123225356,-24.063778085996,-4.175984945344286
Nc1cccc2ccccc12,-28.909741879449,-28.915772021077,-3.7839681428440786
CCCCCCC,-23.155604461255,-23.156046478486,-0.2773697906088416
O2c1ccc(N)cc1N(C)C(=O)c3cc(C)ccc23 ,-53.261182090997,-53.277278654128,-10.100738233766602
CCCCCCCC#C,-27.366474338425,-27.368336820076,-1.1687239983368036
CCCC(=O)OCC,-27.116156179925,-27.122419463413,-3.930266758271311
CC(=O)OCC(=O)C1(O)CCC2C3CCC4=CC(=O)CCC4(C)C3C(O)CC21C,-90.009567140461,-90.032983141099,-14.693751144346828
Clc1ccc(I)cc1,-23.238850620815,-23.243792610111,-3.101142761143862
CN(C)C(=O)Oc1cc(C)nn1c2ccccc2,-52.424079635911,-52.438935049956,-9.32190601196496
CC34CCC1C(=CCc2cc(O)ccc12)C3CCC4=O,-56.903135042069,-56.914932316731,-7.402896025873253
Cn2c(=O)n(C)c1ncn(CC(O)CO)c1c2=O,-56.606818303493,-56.633588899394,-16.79878986323981
CC1=C(SCCO1)C(=O)Nc2ccccc2,-46.626660873746,-46.635776154676,-5.719920821105964
Clc1cc(Cl)c(Cl)c(Cl)c1Cl,-36.115594461537,-36.119212848789,-2.2705705661134075
ClCC#N,-12.720596332655,-12.731286560138,-6.708213957630873
CC#C,-8.38291022811,-8.384547041719,-1.0271152709700706
CCC(C)(C)Cl,-20.881090590574,-20.884331065555,-2.0334272148513515
c1ccccc1,-15.879640656529,-15.880456825713,-0.512153508482979
CCOC(=O)c1ccc(N)cc1,-35.941519157462,-35.956302513687,-9.276689081395295
C1CCOC1,-16.706905513793,-16.709231456292,-1.4595498516042107
Clc1ccc(cc1)c2c(Cl)cccc2Cl ,-42.920673400207,-42.927043860655,-3.9975212652619025
COC(=O)Nc2nc1ccc(cc1[nH]2)C(=O)c3ccccc3,-61.903714093698,-61.924119496311,-12.80457378828161
CCOC(=O)c1ccccc1C(=O)OCC,-49.117616634376,-49.131802227278,-8.901587216342685
C#C,-5.206771957292,-5.208168857725,-0.8765675938113295
c1ccc2c(c1)ccc3c4ccccc4ccc23,-44.666638817756,-44.669597588159,-1.8566550568147824
CCCCCCCBr,-26.728477535295,-26.731323319326,-1.7857550915081508
c1ccc2c(c1)cc3ccc4cccc5ccc2c3c45,-48.972413448373,-48.975614489913,-2.008682375725326
Oc1c(Cl)c(Cl)c(Cl)c(Cl)c1Cl,-40.184930706355,-40.193208279674,-5.1942517558362225
O=C1NC(=O)NC(=O)C1(C)C,-35.034559598501,-35.048424297131,-8.700223172613754
CCOC(=O)N(C)C(=O)CSP(=S)(OCC)OCC,-64.042744467675,-64.06057868759,-11.191133504634283
Oc1ccccc1Cl,-24.007234253759,-24.013253580636,-3.777181789258499
Clc1cccc(Cl)c1,-23.982835564805,-23.98666748415,-2.4045638762616335
ICI,-10.76495285895,-10.769046330619,-2.5686903135425094
COc1cc(cc(OC)c1O)C6C2C(COC2=O)C(OC4OC3COC(C)OC3C(O)C4O)c7cc5OCOc5cc67,-131.366046362376,-131.39746513535,-19.715562810128304
CCC(=C)C,-15.776622665499,-15.777293260149,-0.4208041782267597
Cc1occc1C(=O)Nc2ccccc2,-42.362982380108,-42.372252137764,-5.816856356958848
C,-4.175218520006,-4.174939632828,0.1750042141797121
CC(C)OC(=O)C(O)(c1ccc(Br)cc1)c2ccc(Br)cc2 ,-64.937969630615,-64.953014419515,-9.440740437849575
COP(=S)(OC)SCC(=O)N(C)C=O,-47.261445343292,-47.279576005531,-11.377153730929765
CC12CCC3C(CCc4cc(O)ccc34)C2CCC1=O,-57.94752000637,-57.959481057962,-7.5056675234462125
Brc1ccccc1Br,-23.037091734352,-23.041646562658,-2.8581957554688917
CC34CCC1C(CCC2=CC(=O)CCC12C)C3CCC4=O,-62.119702541533,-62.131919566559,-7.666293157038336
Nc1nccs1 ,-17.541357450883,-17.55083715879,-5.948602029012222
CCCCc1ccccc1,-28.544396832085,-28.54568399664,-0.8077073427448173
CCC(C)C(C)C,-23.155305723715,-23.155717427938,-0.2583481052713904
Clc1ccc(Cl)cc1,-23.982918687611,-23.986745383927,-2.4012863785571716
CCCCBr,-17.240478391544,-17.243069134307,-1.6257144004679789
CCCCC(C)CC,-26.31811821984,-26.318639827784,-0.3273136793326259
OCC1OC(OC2C(O)C(O)C(O)OC2CO)C(O)C(O)C1O,-81.658492534882,-81.696956996805,-24.13679603683905
Nc2cccc3nc1ccccc1cc23 ,-38.773535470018,-38.783604480665,-6.3183948020890535
CN(C)C(=O)OC1=CC(=O)CC(C)(C)C1 ,-47.385650516712,-47.399742112643,-8.842603271065434
CCCCC,-16.827577684938,-16.827758525714,-0.1134792145071245
O=C1NC(=O)NC(=O)C1(CC)CC=C,-43.464744847636,-43.478466462006,-8.610436511703544
CC34CCC1C(CCC2CC(O)CCC12C)C3CCC4=O,-64.176068415811,-64.187688691756,-7.291827737965942
c1ccccc1C(O)c2ccccc2,-37.987504232759,-37.995504163017,-5.02002823626861
CCN(CC)C(=O)C(C)Oc1cccc2ccccc12 ,-58.187420755758,-58.200101400163,-7.957218489938293
CCC#N,-11.8513337604,-11.860524763903,-5.767437417164066
CC2Nc1cc(Cl)c(cc1C(=O)N2c3ccccc3C)S(N)(=O)=O ,-71.214956453776,-71.251228726807,-22.761177777411383
CC(Cl)(Cl)Cl,-19.461505667919,-19.465691079215,-2.6263832569414043
ClCCCCl,-18.582576660395,-18.588237012129,-3.551921656251116
C2c1ccccc1N(CCF)C(=O)c3ccccc23 ,-53.139634155534,-53.153526866372,-8.717801085242701
OCC(O)C(O)C(O)C(O)CO ,-44.352004415648,-44.381843812295,-18.724489950566
CCCSCCC,-23.229794367933,-23.23059588623,-0.5029599450316388
CC(C)I,-13.806045127845,-13.809753048694,-2.3267537040357413
c1cc2ccc3ccc4ccc5cccc6c(c1)c2c3c4c56,-53.286904319063,-53.290296663367,-2.1287265818611294
O=c1cc[nH]c(=O)[nH]1 ,-24.614947155697,-24.632383815344,-10.941660858429412
COc1cc(CC=C)ccc1O,-35.627981350127,-35.635835536648,-4.928572729607029
CS(=O)(=O)c1ccc(cc1)C(O)C(CO)NC(=O)C(Cl)Cl ,-68.923382235631,-68.959825095948,-22.86822283466645
CCCC=O,-16.683727608712,-16.687081281878,-2.1044600947234895
CC(C)(C)c1ccccc1,-28.545149283789,-28.546428620704,-0.8027954281931577
Cc1c2ccccc2c(C)c3ccccc13,-41.392275049994,-41.395062476141,-1.749134994078941
O=C1NC(=O)C(N1)(c2ccccc2)c3ccccc3,-52.251331574997,-52.265879948376,-9.129235230683015
CC1(C)C(C=C(Cl)C(F)(F)F)C1C(=O)OC(C#N)c2cccc(Oc3ccccc3)c2,-92.757697142132,-92.775573386555,-11.21750426162803
O=C3CN=C(c1ccccc1)c2cc(ccc2N3)N(=O)=O,-58.604038098492,-58.621677009708,-11.068575538243332
Cc1cccc2c(C)cccc12,-31.813218435122,-31.815319937137,-1.3187114279317014
Fc1ccc(F)cc1,-24.338085132356,-24.342175714952,-2.566877394233108
O=C1NC(=O)NC(=O)C1(C(C)C)C(C)C,-47.696484941729,-47.709718247797,-8.30401865742621
Oc1cccc(Cl)c1Cl,-28.050270180491,-28.06219371093,-7.4821226622457315
CCCCCCC=C,-25.257644441569,-25.258431561534,-0.4939248621174807
COc2cnc1ncncc1n2,-33.799155974395,-33.812449279443,-8.341668557366667
Cl\C=C/Cl,-14.366864959521,-14.370868316976,-2.512142833230585
ClC(=C(Cl)Cl)Cl,-22.454161848298,-22.454464873431,-0.1901509981838788
CCCCCCCCCC(=O)OC,-42.930699990026,-42.937364786729,-4.182219914302421
CCCCCCCCCC(=O)OCC,-46.098209866029,-46.104899405498,-4.197746222653191
CCOC=C,-16.66997913453,-16.672204236234,-1.3962713451747988
CCC#CCC,-17.884631742683,-17.886028277928,-0.8763384350547379
N#Cc1ccccc1C#N,-24.915533680961,-24.932880816577,-10.885483723260116
N(Nc1ccccc1)c2ccccc2 ,-37.612272556757,-37.61831389417,-3.7909935986955774
CC2(C)C1CCC(C)(C1)C2=O,-33.666058837247,-33.670762677511,-2.9517021002222736
c3ccc2nc1ccccc1cc2c3,-35.33702651579,-35.341989830354,-3.114524558742058
CC1OC(CC(O)C1O)OC2C(O)CC(OC2C)OC8C(O)CC(OC7CCC3(C)C(CCC4C3CC(O)C5(C)C(CCC45O)C6=CC(=O)OC6)C7)OC8C ,-177.49879904496,-177.547526228204,-30.576746030248568
Nc1cccc(c1)N(=O)=O,-29.7800346252,-29.794596961603,-9.137997153909764
CCCCC1(CC)C(=O)NC(=O)NC1=O,-47.689658538147,-47.703196644044,-8.495283293319526
Cc1ccc(cc1)N(=O)=O,-29.512601289035,-29.52259829842,-6.273213362171777
Brc1cc(Br)cc(Br)c1,-26.615658117176,-26.61822647633,-1.611668484367943
CNC(=O)Oc1cccc2ccccc12,-42.383806272403,-42.396168394116,-7.757342634005214
COc1cccc(Cl)c1,-27.165359311882,-27.169457782105,-2.5718269511639673
FC(F)(F)c1ccccc1,-31.731825320139,-31.735533061825,-2.3266412776402223
CCOP(=S)(OCC)Oc1nc(Cl)c(Cl)cc1Cl ,-59.57344622352,-59.582571669028,-5.7262991852781
BrC(Cl)Cl,-15.812578123478,-15.813695455275,-0.7011357586044523
c2ccc1nc(ccc1c2)c4ccc3ccccc3n4 ,-50.494958595134,-50.503048288964,-5.076355685570389
ClC(Cl)(Cl)C(Cl)(Cl)Cl,-31.567116975673,-31.567419172778,-0.189631403161662
ClC(Cl)(Cl)C#N,-20.791934499124,-20.79732338796,-3.381576244588601
CC(C)SC(C)C,-23.232629239665,-23.233733012263,-0.692627239198582
CC(C)N(C(=O)CCl)c1ccccc1 ,-42.242510720205,-42.252807271798,-6.46117879357241
Cc1ccc(Cl)cc1,-23.103420950916,-23.106793403531,-2.1162443679862224
CC(C)CCO,-20.887201268235,-20.893137311985,-3.724920877519452
CCCCC=O,-19.849837998598,-19.853215133714,-2.1191826795041746
CCCO,-14.556380641739,-14.563770234488,-4.637035956332224
Clc1ccc(Cl)c(Cl)c1Cl,-32.072125665287,-32.07728052194,-3.234718943467499
Clc1c(Cl)c(Cl)c(N(=O)=O)c(Cl)c1Cl,-46.552315066464,-46.556349308216,-2.5315230075572037
CCOP(=S)(OCC)Oc1ccc(cc1)S(C)=O ,-57.607707805216,-57.62690569165,-12.046846518312975
CNC(=O)Oc1cc(C)cc(C)c1,-39.131489406203,-39.144094779972,-7.909985488410554
c1c(O)C2C(=O)C3cc(O)ccC3OC2cc1(OC),-57.38796705778,-57.408295469377,-12.756261232821418
BrC(Br)Br,-14.869854921984,-14.871985013837,-1.3366518085836574
C1(=O)NC(=O)NC(=O)C1(O)C2(O)C(=O)NC(=O)NC2(=O),-64.516282757485,-64.546864335211,-19.19021525726238
ClC1C=CC2C1C3(Cl)C(=C(Cl)C2(Cl)C3(Cl)Cl)Cl,-55.810896670496,-55.819163474885,-5.187494155338508
CCC(=C(CC)c1ccc(O)cc1)c2ccc(O)cc2 ,-56.859713794379,-56.873807500523,-8.843927448717015
COC(=O)c1ccccc1C(=O)OC,-42.781777275299,-42.794078986279,-7.719434355347213
O=C1CCCCC1,-22.015012227954,-22.019816489564,-3.0147173986302733
CC(OC(=O)Nc1cccc(Cl)c1)C#C,-44.223478197178,-44.23600423545,-7.86020175002448
CC1(OC(=O)N(C1=O)c2cc(Cl)cc(Cl)c2)C=C,-54.546052829229,-54.555706370675,-6.057684139237563
CCCCN(CC)C(=O)SCCC,-42.398411197676,-42.406482684096,-5.064930371928056
CC(C)(C)CCO,-24.055333147938,-24.062141678978,-4.272414504379854
CCCCCO,-20.88662986792,-20.89315448056,-4.094253153113645
C(c1ccccc1)c2ccccc2,-33.930111181351,-33.932248272093,-1.3410436744194296
CCCCI,-16.967835098545,-16.971192886811,-2.107042357010143
c1ccccc1SC,-22.288233241495,-22.289126999138,-0.5608409648004047
Cc1cccc2c1ccc3ccccc32,-38.240781185895,-38.243358400809,-1.6172255534680997
O=c1[nH]cnc2nc[nH]c12 ,-28.536214670222,-28.557117460772,-13.116689195240015
CNC(=O)Oc1ccc(N(C)C)c(C)c1,-45.722846163844,-45.736442658377,-8.531922687911115
CC(=O)c1ccccc1,-25.246924363486,-25.25294713431,-3.779342896997375
c1ccc(cc1)c2ccccc2,-30.76674350127,-30.768644289601,-1.19276178479723
Clc1ccc(cc1Cl)c2ccccc2 ,-38.868222879762,-38.873598113338,-3.373007446040097
CCCC(C)(O)CC,-27.218847635093,-27.224186766458,-3.350352983720882
Cn1cnc2n(C)c(=O)n(C)c(=O)c12,-42.153937217713,-42.170848036517,-10.611690996879185
OCC(NC(=O)C(Cl)Cl)C(O)c1ccc(cc1)N(=O)=O,-64.859804436786,-64.886334082488,-16.647591444815415
Oc1cccc2cccnc12 ,-29.825659192421,-29.833415102501,-4.866903378390849
Cc1ccnc(C)c1,-22.495142293924,-22.499788745678,-2.9156902937000355
CCOP(=S)(OCC)SCCSCC,-47.327276553723,-47.334278462389,-4.393760705091901
OC(c1ccc(Cl)cc1)(c2cncnc2)c3ccccc3Cl,-61.520751786174,-61.535109807284,-9.009787468714194
Cc1cc(=O)n(c2ccccc2)n1C,-39.581396502386,-39.596740637501,-9.628582881879018
C1OC1c2ccccc2 ,-25.230863728567,-25.234081014885,-2.0188761201206087
CNC(=O)C=C(C)OP(=O)(OC)OC,-48.039852486401,-48.059335012146,-12.225460247717798
NC(=O)NCc1ccccc1 ,-32.144780413593,-32.161393274834,-10.424719944479037
Cn2c(=O)on(c1ccc(Cl)c(Cl)c1)c2=O,-49.515294343788,-49.526372368995,-6.951560519618504
CCCCCC(C)(C)O,-30.385640444727,-30.391919788303,-3.9403446080326137
O=C1NC(=O)NC(=O)C1(CC)CCC(C)C,-50.858510015736,-50.872591689878,-8.83637725917117
Nc1ccc(cc1)S(=O)(=O)c2ccc(N)cc2,-48.997751773272,-49.032117018956,-21.56450095392144
CC1=CCC(CC1)C(C)=C,-29.544343867562,-29.545570619379,-0.7697978059342322
c1c(Cl)cccc1c2ccccc2,-34.819776833006,-34.823508311611,-2.3415364079434156
COP(=S)(OC)Oc1cc(Cl)c(Br)cc1Cl,-52.480882374279,-52.49041176018,-5.9797754173532205
OC1CCCCC1,-23.047970659324,-23.054538209602,-4.121196907397252
CCC(=O)Nc1ccc(Cl)c(Cl)c1,-39.972705255772,-39.985892614359,-8.275186199572248
CCN2c1cc(OC)cc(C)c1NC(=O)c3cccnc23 ,-59.873559881473,-59.887069825722,-8.477611605746775
CCCCC1C(=O)N(N(C1=O)c2ccccc2)c3ccccc3 ,-64.88203826249,-64.893392826833,-7.125091316308087
Cc1cccc(C)c1C,-25.38880360897,-25.390453952556,-1.035605453307429
CN2C(=C(O)c1ccccc1S2(=O)=O)C(=O)Nc3ccccn3 ,-67.021296558682,-67.054581160611,-20.88638727186323
Cc1cc(=O)[nH]c(=S)[nH]1,-26.953793773233,-26.970750715707,-10.64063401491708
CCCCO,-17.722132428923,-17.728707211348,-4.125735144728198
O=C(Cn1ccnc1N(=O)=O)NCc2ccccc2,-55.625153110415,-55.642491140389,-10.879769850954084
CCCCCCCCCCCCCC,-45.299935072457,-45.301040021852,-0.6933656899113388
O=N(=O)c1cc(cc(c1)N(=O)=O)N(=O)=O,-47.234882674083,-47.252347606472,-10.959402258486868
Nc3nc(N)c2nc(c1ccccc1)c(N)nc2n3,-51.800805897964,-51.834768056298,-21.31156001401388
Clc1cc(Cl)c(Cl)c(Cl)c1,-32.073874287687,-32.078026088788,-2.605292557089079
Cc1ccc(C)c(C)c1,-25.391304086997,-25.392905654157,-1.00499780700544
Cc1cccnc1C,-22.49446496911,-22.49895126327,-2.8151899620493306
c1nccc(C(=O)NN)c1,-29.201053348222,-29.217744251699,-10.473692149947942
CC(=O)Nc1ccc(Cl)cc1,-32.762021327009,-32.773692023206,-7.323466899883905
CCOC2Oc1ccc(OS(C)(=O)=O)cc1C2(C)C,-60.631460607854,-60.65411737396,-14.217324642407435
O=c1[nH]cnc2[nH]ncc12 ,-28.518150474336,-28.537934008862,-12.414345966875045
COc1ccc(cc1)N(=O)=O,-33.576237651031,-33.587204001967,-6.881483909499582
COc1ccccc1Cl,-27.162467149657,-27.167432040229,-3.1155135179436866
CCCC1CCCC1,-25.307896107771,-25.308332510059,-0.2738463633399745
ClCC(C)C,-17.709661889469,-17.712477533302,-1.766841846001602
CC(C)CC(=O)C,-23.028795828382,-23.033869170082,-3.1835675768259692
CC34CCC1C(CCC2=CC(=O)CCC12O)C3CCC4(O)C#C,-68.254788904577,-68.272134048283,-10.884233781805388
CNN,-10.988813102134,-10.995157930802,-3.981437092628229
Cc1ccc(OP(=O)(Oc2cccc(C)c2)Oc3ccccc3C)cc1,-74.626157686287,-74.641940348596,-9.903762642853994
Clc1ccc(Cl)c(c1)c2cccc(Cl)c2Cl ,-46.968586081784,-46.976568017605,-5.008736565100055
CCOc2ccc1nc(sc1c2)S(N)(=O)=O ,-48.895439608592,-48.919616363782,-15.171131472520637
CC(=O)OCC(=O)C3(O)CCC4C2CCC1=CC(=O)CCC1(C)C2C(=O)CC34C ,-88.974857751284,-88.999581370422,-15.514293521667955
CCSSCC,-20.168834082856,-20.169109083997,-0.1725656909869244
CN(C)C(=O)Nc2ccc(Oc1ccc(Cl)cc1)cc2,-58.329723487872,-58.345143320005,-9.676083441945805
OCC2OC(OC1(CO)OC(CO)C(O)C1O)C(O)C(O)C2O ,-81.646054857807,-81.694041947491,-30.11233066051702
C=CC=O,-12.462327773855,-12.466429074364,-2.573602981101687
Cc1cccc2c1Cc3ccccc32,-36.104935179406,-36.107614220589,-1.6811224537035632
Clc1ccc(CN(C2CCCC2)C(=O)Nc3ccccc3)cc1,-65.90318954834,-65.916250137725,-8.19563738439572
CCCCC(C)(O)CC,-30.381217149509,-30.386540757993,-3.340612236187358
CC1=C(C(=O)Nc2ccccc2)S(=O)(=O)CCO1,-54.749025819828,-54.772273263294,-14.587980001904764
CCCC(C)C1(CC=C)C(=O)NC(=S)NC1=O ,-52.12435015145,-52.135365820958,-6.9124317572942715
CCc1ccccc1,-22.214836776845,-22.215931792954,-0.6871324635412144
CCCCCCCC(=O)OCC,-39.772200801113,-39.778794147244,-4.137384037316522
CC1=CCCCC1,-21.102547186155,-21.10318366442,-0.3993958395925231
Cc1cccc(N)c1,-22.487119227089,-22.492782232616,-3.553586935243043
CCC1(C(=O)NCNC1=O)c2ccccc2,-46.83258496901,-46.852537831273,-12.520600645790967
COc1ccc(C=CC)cc1,-31.560037690987,-31.563116996406,-1.9322918641712223
CC,-7.336370572073,-7.33616872258,0.1266623735029755
c1ccccc1(OC(=O)NC),-32.789693749335,-32.801363413681,-7.322819404095179
Clc1ccc(cc1)c2ccccc2Cl ,-38.87117556117,-38.876611678827,-3.4112127548253857
COCOC,-18.613462368612,-18.617724042467,-2.6742386990759988
Clc1ccc(c(Cl)c1)c2c(Cl)ccc(Cl)c2Cl ,-51.017587871854,-51.025194576414,-4.773275571743625
COP(=S)(OC)Oc1cc(Cl)c(Cl)cc1Cl,-52.951300003667,-52.961413012432,-6.346004017114078
CCOCC,-17.720484627226,-17.722999533629,-1.5781264020403396
c1ccccc1C(O)C(O)c2ccccc2,-45.21027173994,-45.221987493661,-7.351740901710418
Oc1ccncc1,-20.227485442895,-20.237930574405,-6.554414028708615
CCNc1nc(Cl)nc(NCC)n1 ,-40.344637935852,-40.364242646043,-12.302132087246704
CC(O)c1ccccc1,-26.273688714047,-26.281235757884,-4.735837931112312
Nc1ccccc1O,-23.386286142868,-23.396424238412,-6.36174619672033
CCCCCCCCCCCCCCCC,-51.632719275598,-51.634056325104,-0.8390105984597869
O=N(=O)c1cccc(c1)N(=O)=O,-36.791186736082,-36.805316502052,-8.866555314071473
O=C1N(COC(=O)C)C(=O)C(N1)(c2ccccc2)c3ccccc3,-68.873227631883,-68.891481161206,-11.454253931949305
CN(C)C(=O)N(C)C ,-26.759579024865,-26.770239386493,-6.689472864823602
CC(C)CBr,-17.243943436839,-17.246574807228,-1.651208601431258
CC(C)COC=O,-23.943198766237,-23.947234887566,-2.532702459040226
CCC(O)C(C)C,-24.054159838848,-24.060534238021,-3.99999285064872
Cc1ccccc1Br,-22.632946217795,-22.636109325632,-1.9848786356883263
O=c2[nH]c1CCCc1c(=O)n2C3CCCCC3,-51.088219664196,-51.103860798922,-9.814952810779578
c2ccc1ocnc1c2,-24.5260586982,-24.530697710083,-2.9110217076897116
OCC(O)C(O)C(O)C(O)CO,-44.352004415648,-44.381843812295,-18.724489950566
C1C=CCC=C1,-16.87794461489,-16.878723043471,-0.4884709404327582
Cc1ccc(N)cc1,-22.486593551673,-22.492138804311,-3.479695937619291
O=C1CCC(=O)N1,-22.200241712016,-22.211606818904,-7.131706858182179
CC2Cc1ccccc1N2NC(=O)c3ccc(Cl)c(c3)S(N)(=O)=O ,-71.173957551681,-71.203075835266,-18.271985014143887
NNc1ccccc1,-22.715422569547,-22.722324158569,-4.330809225606267
Cc1ccncc1C,-22.493863884362,-22.499168532761,-3.3287146122086626
Clc1cc(Cl)c(c(Cl)c1)c2c(Cl)cc(Cl)cc2Cl ,-55.068091706708,-55.074311289762,-3.9028443426310577
CCCN(=O)=O,-20.954751842315,-20.962116287649,-4.621255727091782
CC(C)OP(=S)(OC(C)C)SCCNS(=O)(=O)c1ccccc1,-73.788402038547,-73.81175733534,-14.65565893527834
Clc1ccccc1I,-23.237237066477,-23.242523939349,-3.3175603090349584
CC(C)C(C)C(C)C,-26.317596490372,-26.318123430701,-0.3306597989100588
Sc1ccccc1,-19.130479160874,-19.131711490628,-0.7732980116027895
Oc2cc(O)c1C(=O)CC(Oc1c2)c3ccc(O)c(O)c3,-62.667493769668,-62.69313340844,-16.089104086178207
COC(=O)c1cccnc1 ,-29.602104871162,-29.611718921808,-6.032903306820999
CCC(C)C,-16.830641070204,-16.830853367728,-0.133218606988541
