smiles,pka,is_ionizable
OCC3OC(OCC2OC(OC(C#N)c1ccccc1)C(O)C(O)C2O)C(O)C(O)C3O ,8.303406391143799,1
Cc1occc1C(=O)Nc2ccccc2,4.306882457733154,1
CC(C)=CCCC(C)=CC(=O),,0
c1ccc2c(c1)ccc3c2ccc4c5ccccc5ccc43,,0
c1ccsc1,,0
c2ccc1scnc1c2 ,2.885454330444336,1
Clc1cc(Cl)c(c(Cl)c1)c2c(Cl)cccc2Cl,,0
CC12CCC3C(CCc4cc(O)ccc34)C2CCC1O,10.03301700592041,1
ClC4=C(Cl)C5(Cl)C3C1CC(C2OC12)C3C4(Cl)C5(Cl)Cl,,0
COc5cc4OCC3Oc2c1CC(Oc1ccc2C(=O)C3c4cc5OC)C(C)=C ,,0
O=C1CCCN1,6.683068161010742,1
Clc1ccc2ccccc2c1,,0
CCCC=C,,0
CCC1(C(=O)NCNC1=O)c2ccccc2,5.692697525024414,1
CCCCCCCCCCCCCC,,0
CC(C)Cl,,0
CCC(C)CO,10.210412406921387,1
N#Cc1ccccc1,,0
CCOP(=S)(OCC)Oc1cc(C)nc(n1)C(C)C,3.987125473022461,1
CCCCCCCCCC(C)O,9.769622344970703,1
Clc1ccc(c(Cl)c1)c2c(Cl)ccc(Cl)c2Cl ,,0
O=c2[nH]c1CCCc1c(=O)n2C3CCCCC3,5.482615356445312,1
CCOP(=S)(OCC)SCSCC,,0
CCOc1ccc(NC(=O)C)cc1,5.333928689956665,1
CCN(CC)c1c(cc(c(N)c1N(=O)=O)C(F)(F)F)N(=O)=O,8.43509355545044,1
CCCCCCCO,9.612267570495606,1
Cn1c(=O)n(C)c2nc[nH]c2c1=O,5.65083643913269,1
CCCCC1(CC)C(=O)NC(=O)NC1=O,7.865216083526612,1
ClC(Cl)=C(c1ccc(Cl)cc1)c2ccc(Cl)cc2,,0
CCCCCCCC(=O)OC,,0
CCc1ccc(CC)cc1,,0
CCOP(=S)(OCC)SCSC(C)(C)C,,0
COC(=O)Nc1cccc(OC(=O)Nc2cccc(C)c2)c1,4.635347175598144,1
ClC(=C)Cl,,0
Cc1cccc2c1Cc3ccccc32,,0
CCCCC=O,,0
N(c1ccccc1)c2ccccc2,5.875655345916748,1
CN(C)C(=O)SCCCCOc1ccccc1,5.924309825897216,1
CCCOP(=S)(OCCC)SCC(=O)N1CCCCC1C,6.937283725738525,1
CCCCCCCI,,0
c1c(Cl)cccc1c2ccccc2,,0
OCCCC=C,9.560151748657226,1
O=C2NC(=O)C1(CCC1)C(=O)N2,7.826830444335937,1
CC(C)C1CCC(C)CC1O ,10.13403907775879,1
CC(C)OC=O,,0
CCCCCC(C)O,9.881700325012208,1
CC(=O)Nc1ccc(Br)cc1,4.909246015548706,1
c1ccccc1n2ncc(N)c(Br)c2(=O),8.904588413238525,1
COC(=O)C1=C(C)NC(=C(C1c2ccccc2N(=O)=O)C(=O)OC)C ,4.806663112640381,1
c2c(C)cc1nc(C)ccc1c2 ,5.259419746398926,1
CCCCCCC#C,,0
CCC1(C(=O)NC(=O)NC1=O)C2=CCCCC2 ,7.6283887672424315,1
c1ccc2c(c1)ccc3c4ccccc4ccc23,,0
CCC(C)n1c(=O)[nH]c(C)c(Br)c1=O ,4.5896537971496585,1
Clc1cccc(c1Cl)c2c(Cl)c(Cl)cc(Cl)c2Cl ,,0
Cc1ccccc1O,10.291408805847167,1
CC(C)CCC(C)(C)C,,0
Cc1ccc(C)c2ccccc12,,0
Cc1cc2c3ccccc3ccc2c4ccccc14,,0
CCCC(=O)C,,0
Clc1cc(Cl)c(Cl)c(c1Cl)c2c(Cl)c(Cl)cc(Cl)c2Cl ,,0
CCCOC(=O)CC,,0
CC34CC(O)C1(F)C(CCC2=CC(=O)C=CC12C)C3CC(O)C4(O)C(=O)CO,7.128252239227295,1
Nc1ccc(O)cc1,6.609901580810547,1
O=C(Cn1ccnc1N(=O)=O)NCc2ccccc2,5.026348505020142,1
OC4=C(C1CCC(CC1)c2ccc(Cl)cc2)C(=O)c3ccccc3C4=O,5.8249180793762205,1
CCNc1nc(Cl)nc(n1)N(CC)CC,6.020287456512452,1
NC(=O)c1cnccn1,5.1505961608886714,1
CCC(Br)(CC)C(=O)NC(N)=O,8.893322982788085,1
Clc1ccccc1c2ccccc2Cl ,,0
O=C2CN(N=Cc1ccc(o1)N(=O)=O)C(=O)N2 ,8.66886739730835,1
Clc2ccc(Oc1ccc(cc1)N(=O)=O)c(Cl)c2,,0
CC1(C)C2CCC1(C)C(=O)C2,,0
O=C1NC(=O)NC(=O)C1(CC=C)c1ccccc1,7.56622579574585,1
CCCCC(=O)OCC,,0
CC(C)CCOC(=O)C,,0
O=C1N(COC(=O)CCCCC)C(=O)C(N1)(c2ccccc2)c3ccccc3,9.635329437255859,1
Clc1cccc(c1)c2cc(Cl)ccc2Cl ,,0
CCCBr,,0
CCCC1COC(Cn2cncn2)(O1)c3ccc(Cl)cc3Cl,3.4911227321624754,1
COP(=S)(OC)SCC(=O)N(C)C=O,4.413599090576172,1
Cc1ncnc2nccnc12,3.283194923400879,1
NC(=S)N,5.1793183422088624,1
Cc1ccc(C)cc1,,0
CCc1ccccc1CC,,0
ClC(Cl)(Cl)C(Cl)(Cl)Cl,,0
CC(C)C(C(=O)OC(C#N)c1cccc(Oc2ccccc2)c1)c3ccc(OC(F)F)cc3,,0
CCCN(=O)=O,,0
CC(C)C1CCC(C)CC1=O,,0
CCN2c1cc(Cl)ccc1NC(=O)c3cccnc23 ,6.327250804901123,1
O=N(=O)c1c(Cl)c(Cl)ccc1,,0
CCCC(C)C1(CC=C)C(=O)NC(=S)NC1=O ,7.623927516937256,1
c1ccc2c(c1)c3cccc4cccc2c34,,0
CCCOC(C)C,,0
Cc1cc(C)c2ccccc2c1,,0
CCC(=C(CC)c1ccc(O)cc1)c2ccc(O)cc2 ,10.114352684020997,1
c1(C#N)c(Cl)c(C#N)c(Cl)c(Cl)c(Cl)1,,0
Clc1ccc(Cl)c(c1)c2ccc(Cl)c(Cl)c2,,0
C1OC1c2ccccc2 ,,0
CC(C)c1ccccc1,,0
CC12CCC3C(CCC4=CC(=O)CCC34C)C2CCC1C(=O)CO,7.843262825012207,1
c2(Cl)c(Cl)c(Cl)c1nccnc1c2(Cl) ,3.0830272579193116,1
C1OC(O)C(O)C(O)C1O,9.907590293884278,1
ClCCl,,0
CCc1cccc2ccccc12,,0
COC=O,,0
Oc1ccccc1N(=O)=O,7.436574592590332,1
Cc1c[nH]c(=O)[nH]c1=O ,5.070596857070923,1
CC(C)C,,0
OCC1OC(C(O)C1O)n2cnc3c(O)ncnc23,5.684254016876221,1
Oc1c(I)cc(C#N)cc1I,5.155644874572754,1
Oc1ccc(Cl)cc1C(=O)Nc2ccc(cc2Cl)N(=O)=O,7.44815055847168,1
CCCCC,,0
c1ccccc1O,10.033844680786133,1
Nc3ccc2cc1ccccc1cc2c3 ,4.5085267162323,1
Cn1cnc2n(C)c(=O)[nH]c(=O)c12 ,5.414453935623169,1
c1ccc2cnccc2c1,5.15453540802002,1
COP(=S)(OC)SCC(=O)N(C(C)C)c1ccc(Cl)cc1,5.0935365676879885,1
CCCCCCc1ccccc1,,0
Clc1ccccc1c2ccccc2,,0
CCCC(=C)C,,0
CC(C)C(C)C(C)C,,0
Clc1cc(Cl)c(Cl)c(Cl)c1Cl,,0
Oc1cccc(c1)N(=O)=O,8.180734519958497,1
CCCCCCCCC=C,,0
CC(=O)OCC(COC(=O)C)OC(=O)C,,0
CCCCc1c(C)nc(nc1O)N(C)C ,6.601415309906006,1
CC1(C)C(C=C(Cl)Cl)C1C(=O)OC(C#N)c2ccc(F)c(Oc3ccccc3)c2,,0
c1ccncc1,4.986368198394775,1
CCCCCCCBr,,0
Cc1ccncc1C,6.524296245574951,1
CC34CC(O)C1(F)C(CCC2=CC(=O)CCC12C)C3CCC4(O)C(=O)CO ,6.781261100769043,1
CCSCc1ccccc1OC(=O)NC ,5.00811508178711,1
CCOC(=O)CC(=O)OCC,,0
CC1=CCC(CC1)C(C)=C,,0
C1Cc2ccccc2C1,,0
CC(C)(C)c1ccc(O)cc1,10.163507843017578,1
O=C2NC(=O)C1(CC1)C(=O)N2 ,7.7109349250793455,1
Clc1cccc(I)c1,,0
Brc1cccc2ccccc12,,0
CC/C=C/C,,0
Cc1cccc(C)n1,6.496253299713135,1
ClC=C(Cl)Cl,,0
Nc1cccc2ccccc12,4.348987989425659,1
Cc1cccc(C)c1,,0
Oc2ncc1nccnc1n2,5.451995878219605,1
CO,10.197722129821777,1
CCC1(CCC(C)C)C(=O)NC(=O)NC1=O,7.911180686950684,1
CCC(=O)C,,0
Fc1c[nH]c(=O)[nH]c1=O ,8.046880912780761,1
Nc1ncnc2n(ccc12)C3OC(CO)C(O)C3O ,5.359850959777832,1
Oc1cccc(O)c1,9.578668479919434,1
CCCCCCO,9.652363090515136,1
CCCCCCl,,0
C=CC=C,,0
CCCOC(=O)C,,0
Oc2ccc1CCCCc1c2 ,10.430595054626465,1
NC(=O)CCl ,6.476547021865844,1
COP(=S)(OC)Oc1cc(Cl)c(I)cc1Cl,,0
Cc1ccc(Cl)cc1,,0
CSc1nnc(c(=O)n1N)C(C)(C)C,4.50311318397522,1
Cc1ccc(OP(=O)(Oc2cccc(C)c2)Oc3ccccc3C)cc1,,0
CCCCCC=O,,0
CCCCOC(=O)c1ccc(N)cc1,9.976234016418458,1
O2c1cc(C)ccc1N(C)C(=O)c3cc(N)cnc23 ,4.79454514503479,1
CC(C)=CCC/C(C)=C\CO,9.835477828979492,1
Clc1ccc(cc1)c2ccccc2Cl ,,0
O=C1N(COC(=O)CCCCCCC)C(=O)C(N1)(c2ccccc2)c3ccccc3,9.699623832702637,1
CCN(=O)=O,,0
CCN(CC(C)=C)c1c(cc(cc1N(=O)=O)C(F)(F)F)N(=O)=O,4.133660345077515,1
Clc1ccc(Cl)c(Cl)c1Cl,,0
CCCC(C)(COC(N)=O)COC(N)=O ,6.635267601013184,1
CC(=O)C3CCC4C2CC=C1CC(O)CCC1(C)C2CCC34C ,8.82426778793335,1
CI,,0
CC1CC(C)C(=O)C(C1)C(O)CC2CC(=O)NC(=O)C2 ,6.539820003509521,1
O=C1N(COC(=O)CCCCCC)C(=O)C(N1)(c2ccccc2)c3ccccc3,9.675545043945313,1
CC1=CC(=O)CC(C)(C)C1 ,,0
O=C1NC(=O)NC(=O)C1(CC)C(C)CC,7.8316452598571775,1
CCCCC(=O)CCCC,,0
CCC1(CCC(=O)NC1=O)c2ccccc2 ,6.304228572845459,1
CCC(C)CC,,0
CCOc1ccc(cc1)C(C)(C)COCc3cccc(Oc2ccccc2)c3,,0
Cc1ccccc1n3c(C)nc2ccccc2c3=O,3.833350839614868,1
ClCC#N,,0
CCOP(=S)(CC)Oc1cc(Cl)c(Cl)cc1Cl,,0
CC12CCC(=O)C=C1CCC3C2CCC4(C)C3CCC4(O)C#C ,8.3047633934021,1
c1ccnnc1,2.577016820907593,1
Clc1cc(Cl)c(Cl)c(Cl)c1,,0
C1C(O)CCC2(C)CC3CCC4(C)C5(C)CC6OCC(C)CC6OC5CC4C3C=C21,9.156398086547851,1
Nc1ccccc1O,5.869328203201294,1
CCCCCCCCC(=O)OCC,,0
COCC(=O)N(C(C)C(=O)OC)c1c(C)cccc1C ,5.990338077545166,1
CNC(=O)Oc1ccccc1OC(C)C,5.065362148284912,1
CCC(C)Cl,,0
Oc1ccc2ccccc2c1,9.559748153686524,1
CC(C)Oc1cc(c(Cl)cc1Cl)n2nc(oc2=O)C(C)(C)C,2.866744861602783,1
CCCCC#C,,0
CCCCCCCC#C,,0
Cc1ccccc1Cl,,0
CC(C)OC(C)C,,0
Nc1ccc(cc1)S(=O)(=O)c2ccc(N)cc2,9.870734386444092,1
CNN,5.96614221572876,1
CC#C,,0
CCOP(=S)(OCC)ON=C(C#N)c1ccccc1,,0
CCNP(=S)(OC)OC(=CC(=O)OC(C)C)C,4.461071329116821,1
C=CC=O,,0
O=c1[nH]cnc2nc[nH]c12 ,8.63736307144165,1
Oc2ccc1ncccc1c2 ,5.468737030029297,1
Fc1ccccc1,,0
CCCCl,,0
CCOC(=O)C,,0
CCCC(C)(C)C,,0
Cc1cc(C)c(C)c(C)c1C,,0
CC12CCC(CC1)C(C)(C)O2 ,,0
CCCCOC(=O)CCCCCCCCC(=O)OCCCC,,0
Clc1ccc(cc1)c2ccc(Cl)cc2 ,,0
Cc1cccnc1C,6.064228439331055,1
CC(=C)C1CC=C(C)C(=O)C1,,0
CCOP(=S)(OCC)SCSc1ccc(Cl)cc1,,0
COc1cc(cc(OC)c1O)C6C2C(COC2=O)C(OC4OC3COC(C)OC3C(O)C4O)c7cc5OCOc5cc67,9.022697296142578,1
c1cc2cccc3c4cccc5cccc(c(c1)c23)c54,,0
Cc1ccc(cc1N(=O)=O)N(=O)=O,,0
c1c(Br)ccc2ccccc12 ,,0
CNC(=O)Oc1cccc(N=CN(C)C)c1,8.207307758331298,1
COc2cnc1ncncc1n2,3.270424509048462,1
Cc3ccnc4N(C1CC1)c2ncccc2C(=O)Nc34 ,4.446291246414185,1
CCOP(=S)(OCC)Oc1nc(Cl)n(n1)C(C)C,3.034251260757446,1
CC(=C)C=C,,0
CC(C)=CCCC(O)(C)C=C,10.260732269287109,1
COP(=S)(OC)Oc1ccc(SC)c(C)c1,,0
OC1CCCCC1,9.784629096984863,1
O=C1NC(=O)NC(=O)C1(C)CC=C,7.804533386230469,1
CC34CCC1C(CCC2CC(O)CCC12C)C3CCC4=O,8.912267417907715,1
OCC(O)C(O)C(O)C(O)CO ,10.525120582580566,1
Cc1ccc(cc1)c2ccccc2,,0
CCNc1nc(Cl)nc(NC(C)C)n1,7.628726673126221,1
NC(=S)Nc1ccccc1,5.439485950469971,1
CCCC(=O)CCC,,0
CC(=O)C(C)(C)C,,0
Oc1ccc(Cl)cc1,9.205105781555176,1
O=C1CCCCC1,,0
Cc1cccc(N)c1,5.193113117218018,1
ClC(Cl)(Cl)C#N,,0
CNc2cnn(c1cccc(c1)C(F)(F)F)c(=O)c2Cl,8.501472988128661,1
CCCCCCCCC(=O)C,,0
CCN(CC)c1nc(Cl)nc(NC(C)C)n1,6.230332355499268,1
CCOC(=O)c1ccc(N)cc1,10.090282020568848,1
Clc1ccc(Cl)c(Cl)c1,,0
Cc3nnc4CN=C(c1ccccc1Cl)c2cc(Cl)ccc2n34,4.059817218780518,1
Oc1ccccc1O,9.77929328918457,1
CCN2c1ncccc1N(C)C(=O)c3cccnc23 ,5.686753787994385,1
CSC,,0
Cc1ccccc1Br,,0
CCOC(=O)N,5.506454916000366,1
CC(=O)OC3(CCC4C2C=C(C)C1=CC(=O)CCC1(C)C2CCC34C)C(C)=O ,,0
CC(C)C(O)C(C)C,11.046879501342774,1
c1ccc2ccccc2c1,,0
CCNc1ccccc1,6.071308574676514,1
O=C1NC(=O)C(N1)(c2ccccc2)c3ccccc3,8.026731204986572,1
Cc1c2ccccc2c(C)c3ccc4ccccc4c13,,0
CCOP(=S)(OCC)SC(CCl)N1C(=O)c2ccccc2C1=O,3.2001137924194336,1
COc1ccc(cc1)C(c2ccc(OC)cc2)C(Cl)(Cl)Cl,,0
Fc1cccc(F)c1C(=O)NC(=O)Nc2cc(Cl)c(F)c(Cl)c2F ,6.698259811401368,1
O=C1N(COC(=O)CCCC)C(=O)C(N1)(c2ccccc2)c3ccccc3,9.581313171386718,1
CN(C)C(=O)Nc1ccc(Cl)cc1,4.777538785934448,1
OC(Cn1cncn1)(c2ccc(F)cc2)c3ccccc3F,9.720296859741211,1
CC(=O)OCC(=O)C3(O)C(CC4C2CCC1=CC(=O)C=CC1(C)C2(F)C(O)CC34C)OC(C)=O ,6.150241708755493,1
CCCCBr,,0
Brc1cc(Br)c(Br)cc1Br,,0
CC(C)CC(=O)C,,0
CCSC(=O)N(CC)C1CCCCC1 ,6.812105541229248,1
COc1ccc(Cl)cc1,,0
CC1(C)C(C=C(Br)Br)C1C(=O)OC(C#N)c2cccc(Oc3ccccc3)c2,,0
CCC(C)C1(CC=C)C(=O)NC(=O)NC1=O,7.747783966064453,1
COP(=S)(OC)Oc1ccc(N(=O)=O)c(C)c1,,0
Ic1cccc2ccccc12,,0
OCC(O)C(O)C(O)C(O)CO,10.525120582580566,1
CCS,6.969490280151367,1
ClCC(Cl)Cl,,0
CN(C)C(=O)Oc1cc(C)nn1c2ccccc2,4.8328660869598385,1
NC(=O)c1ccccc1O,8.20285991668701,1
Cc1ccccc1N(=O)=O,,0
O=C1NC(=O)NC(=O)C1(C(C)C)C(C)C,7.970442543029785,1
CCc1ccccc1C,,0
CCCCCCCCl,,0
O=C1NC(=O)NC(=O)C1(CC)CC,7.6896207237243654,1
C(Cc1ccccc1)c2ccccc2,,0
ClC(Cl)C(Cl)Cl,,0
CCN2c1cc(OC)cc(C)c1NC(=O)c3cccnc23 ,6.701678009033203,1
Cc1ccc2c(ccc3ccccc32)c1,,0
CCCCOC(=O)c1ccccc1C(=O)OCCCC ,,0
COc1c(O)c(Cl)c(Cl)c(Cl)c1Cl ,5.517535190582276,1
CCN(CC)C(=O)C(=CCOP(=O)(OC)OC)Cl,6.99620662689209,1
CC34CCC1C(=CCc2cc(O)ccc12)C3CCC4=O,8.975938911437987,1
CCOC(=O)c1ccccc1S(=O)(=O)NN(C=O)c2nc(Cl)cc(OC)n2,7.2208413314819335,1
COc1ccc(cc1)N(=O)=O,,0
CCCCCCCl,,0
Clc1cc(c(Cl)c(Cl)c1Cl)c2cc(Cl)c(Cl)c(Cl)c2Cl,,0
OCC1OC(CO)(OC2OC(COC3OC(CO)C(O)C(O)C3O)C(O)C(O)C2O)C(O)C1O,8.68134365081787,1
CCCCCCCCCCCCCCCCCCCCCCCCCC,,0
CCN2c1ccccc1N(C)C(=O)c3cccnc23 ,5.415852832794189,1
CC(Cl)Cl,,0
Nc1ccc(cc1)S(N)(=O)=O,,0
CCCN(CCC)c1c(cc(cc1N(=O)=O)C(C)C)N(=O)=O,5.088048877716065,1
ClC1C(Cl)C(Cl)C(Cl)C(Cl)C1Cl,,0
CCOP(=S)(NC(C)C)Oc1ccccc1C(=O)OC(C)C,3.8756542873382567,1
Clc1cccc(Cl)c1Cl,,0
ClC(Cl)(Cl)Cl,,0
O=N(=O)c1cc(Cl)c(Cl)cc1,,0
OC1CCCCCCC1,9.646632537841796,1
CC1(O)CCC2C3CCC4=CC(=O)CCC4(C)C3CCC21C,8.23125207901001,1
CCOc1ccc(NC(N)=O)cc1,7.402031507492065,1
C/C1CCC(\C)CC1,,0
c1cnc2c(c1)ccc3ncccc23,4.4000127983093265,1
COC(C)(C)C,,0
COc1ccc(C=CC)cc1,,0
CCCCCCCCCCCCCCCCO,9.45350902557373,1
O=c1cc[nH]c(=O)[nH]1 ,8.86088134765625,1
Nc1ncnc2nc[nH]c12 ,8.196944351196288,1
Clc1cc(Cl)c(cc1Cl)c2cccc(Cl)c2Cl ,,0
COc1ccc(cc1)C(O)(C2CC2)c3cncnc3 ,3.4109646320343017,1
c1ccc2c(c1)c3cccc4c3c2cc5ccccc54,,0
O=C(Nc1ccccc1)Nc2ccccc2,4.6097216796875,1
CCC1(C(=O)NC(=O)NC1=O)c2ccccc2 ,7.574669303894043,1
Clc1ccc(cc1)c2cccc(Cl)c2Cl ,,0
CC(C)c1ccc(NC(=O)N(C)C)cc1,5.326867866516113,1
CCN(CC)C(=O)CSc1ccc(Cl)nn1,6.84689567565918,1
CCC(C)(C)CO,10.761419525146485,1
CCCOC(=O)CCC,,0
Cc1c(cc(cc1N(=O)=O)N(=O)=O)N(=O)=O,,0
CC(C)OP(=S)(OC(C)C)SCCNS(=O)(=O)c1ccccc1,5.981608200073242,1
C1CCCCCC1,,0
CCCOC=O,,0
CC(C)c1ccccc1C,,0
Nc1cccc(Cl)c1,4.107525177001953,1
CC(C)CC(C)C,,0
o1c2ccccc2c3ccccc13,,0
CCOC2Oc1ccc(OS(C)(=O)=O)cc1C2(C)C,,0
CN(C)C(=O)Nc1cccc(c1)C(F)(F)F,9.444125175476074,1
c3ccc2nc1ccccc1cc2c3,4.447259216308594,1
CC12CC(=O)C3C(CCC4=CC(=O)CCC34C)C2CCC1(O)C(=O)CO,7.52908166885376,1
OCC1OC(O)C(O)C(O)C1O,9.342087364196777,1
Cc1cccc(O)c1,10.093370819091797,1
CC2Cc1ccccc1N2NC(=O)c3ccc(Cl)c(c3)S(N)(=O)=O ,7.011093044281006,1
CCC(C)C(=O)OC2CC(C)C=C3C=CC(C)C(CCC1CC(O)CC(=O)O1)C23 ,9.284772262573242,1
O=N(=O)c1ccc(cc1)N(=O)=O,,0
CCC1(C(=O)NC(=O)NC1=O)C2=CCC3CCC2C3,7.6829860496521,1
CCCCCCCCCC(=O)OCC,,0
CN(C)C(=O)Nc1ccccc1,5.001068706512451,1
CCCOCC,,0
CC(C)O,10.038441467285157,1
Cc1ccc2ccccc2c1,,0
ClC(Br)Br,,0
CCC(C(CC)c1ccc(O)cc1)c2ccc(O)cc2,9.47859016418457,1
CCOC(=O)CC(SP(=S)(OC)OC)C(=O)OCC,,0
ClCc1ccccc1,,0
C/C=C/C=O,,0
CON(C)C(=O)Nc1ccc(Br)c(Cl)c1,9.087854080200195,1
Cc1c2ccccc2c(C)c3ccccc13,,0
CCCCCC(=O)OC,,0
CN(C)C(=O)Nc1ccc(c(Cl)c1)n2nc(oc2=O)C(C)(C)C,8.755372066497802,1
CC(=O)Nc1ccc(F)cc1,5.114660816192627,1
CCc1cccc(CC)c1N(COC)C(=O)CCl ,4.543185586929321,1
C1CCC=CC1,,0
CC12CC(O)C3C(CCC4=CC(=O)CCC34C)C2CCC1(O)C(=O)CO,7.010665493011475,1
c1cncnc1,2.5502875232696534,1
Clc1ccc(cc1)N(=O)=O,,0
CCC(=O)OC,,0
Clc1ccccc1N(=O)=O,,0
CCCCN(C)C(=O)Nc1ccc(Cl)c(Cl)c1,9.025506019592285,1
CN1CC(O)N(C1=O)c2nnc(s2)C(C)(C)C,8.29850980758667,1
O=N(=O)c1ccccc1,,0
Ic1ccccc1,,0
CC2Nc1cc(Cl)c(cc1C(=O)N2c3ccccc3C)S(N)(=O)=O ,5.689493741989136,1
COc1ccccc1OCC(O)COC(N)=O,6.6502078247070315,1
CCCCOCN(C(=O)CCl)c1c(CC)cccc1CC ,4.545101728439331,1
Oc1cccc(Cl)c1Cl,7.732189044952393,1
CCCC(=O)OC,,0
CCC(=O)Nc1ccc(Cl)c(Cl)c1,5.195313291549683,1
Nc3nc(N)c2nc(c1ccccc1)c(N)nc2n3,6.053003654479981,1
CCCCCC(=O)OCC,,0
OCC(O)C2OC1OC(OC1C2O)C(Cl)(Cl)Cl ,8.564054412841797,1
CN(C=Nc1ccc(C)cc1C)C=Nc2ccc(C)cc2C,7.259595222473145,1
COc1nc(NC(C)C)nc(NC(C)C)n1,5.981477737426758,1
CCCCCCC=C,,0
Cc1ccc(N)cc1,5.546281108856201,1
Nc1nccs1 ,5.219255695343017,1
c1ccccc1(OC(=O)NC),4.661827087402344,1
CCCC(O)CC,9.92807846069336,1
c3ccc2c(O)c1ccccc1cc2c3 ,8.85975227355957,1
Cc1ccc2cc3ccccc3cc2c1,,0
Cc1cccc(C)c1C,,0
CNC(=O)Oc1ccc(N(C)C)c(C)c1,7.027293853759765,1
CCCCCCCC(C)O,9.812828903198243,1
CN(C(=O)NC(C)(C)c1ccccc1)c2ccccc2,4.276815118789673,1
CCCC(=O)CC,,0
Oc1c(Br)cc(C#N)cc1Br ,5.464158000946045,1
Clc1ccc(cc1Cl)c2ccccc2 ,,0
CN(C(=O)COc1nc2ccccc2s1)c3ccccc3,3.519968433380127,1
Oc1cccc2ncccc12 ,5.259729976654053,1
CC1=C(SCCO1)C(=O)Nc2ccccc2,7.1175393295288085,1
CCOc2ccc1nc(sc1c2)S(N)(=O)=O ,6.936194534301758,1
Oc1c(Cl)c(Cl)c(Cl)c(Cl)c1Cl,5.069202175140381,1
ClCBr,,0
CCC1(CC)C(=O)NC(=O)N(C)C1=O ,7.673999176025391,1
CC(=O)OCC(=O)C3CCC4C2CCC1=CC(=O)CCC1(C)C2CCC34C ,,0
NC(=O)NCc1ccccc1 ,7.001039028167725,1
CN(C)C(=O)Nc1ccc(C)c(Cl)c1,4.843424339294433,1
CON(C)C(=O)Nc1ccc(Cl)c(Cl)c1,9.02629753112793,1
OC1CCCCCC1,9.707058982849121,1
CS(=O)(=O)c1ccc(cc1)C(O)C(CO)NC(=O)C(Cl)Cl ,8.328213481903076,1
CCCC(C)C1(CC)C(=O)NC(=S)NC1=O ,7.690595588684082,1
CC(=O)Nc1nnc(s1)S(N)(=O)=O ,6.902022171020508,1
Oc1ccc(cc1)N(=O)=O,8.185795574188232,1
ClC1=C(Cl)C2(Cl)C3C4CC(C=C4)C3C1(Cl)C2(Cl)Cl,,0
C1CCOC1,,0
Nc1ccccc1N(=O)=O,9.628065643310547,1
Clc1cccc(c1Cl)c2cccc(Cl)c2Cl,,0
CCCCC1C(=O)N(N(C1=O)c2ccccc2)c3ccccc3 ,3.1015170001983643,1
Cc1c(cccc1N(=O)=O)N(=O)=O,,0
CC(=O)C1CCC2C3CCC4=CC(=O)CCC4(C)C3CCC12C,,0
CCN(CC)c1nc(Cl)nc(n1)N(CC)CC,6.499143085479736,1
ClC(Cl)C(Cl)(Cl)SN2C(=O)C1CC=CCC1C2=O ,3.0811415672302247,1
c1(Br)c(Br)cc(Br)cc1,,0
OC3N=C(c1ccccc1)c2cc(Cl)ccc2NC3=O ,6.459884281158447,1
O=C1NC(=O)NC(=O)C1(C(C)CCC)CC=C,7.801405563354492,1
c1(O)c(C)ccc(C(C)C)c1,10.558564071655274,1
C1SC(=S)NC1(=O),6.3868044662475585,1
Oc1ccc(c(O)c1)c3oc2cc(O)cc(O)c2c(=O)c3O ,6.697405395507812,1
ClC1(C(=O)C2(Cl)C3(Cl)C14Cl)C5(Cl)C2(Cl)C3(Cl)C(Cl)(Cl)C45Cl,,0
CCN(CC)C(=S)SSC(=S)N(CC)CC,5.524731636047363,1
C1CCCCC1,,0
ClC1=C(Cl)C(Cl)(C(=C1Cl)Cl)C2(Cl)C(=C(Cl)C(=C2Cl)Cl)Cl,,0
CN(C)C=Nc1ccc(Cl)cc1C,8.155603199005126,1
CC34CCc1c(ccc2cc(O)ccc12)C3CCC4=O,8.909617290496826,1
CCCCCCCCO,9.570834121704102,1
CCSCC,,0
ClCCCl,,0
CCC(C)(C)Cl,,0
ClCCBr,,0
Nc1ccc(cc1)N(=O)=O,9.626038093566894,1
OCC1OC(OC2C(O)C(O)C(O)OC2CO)C(O)C(O)C1O,8.693864517211914,1
CCN2c1ncccc1N(CC)C(=O)c3cccnc23 ,6.125026721954345,1
Clc1ccccc1,,0
CCCCCCCC=C,,0
Brc1ccc(I)cc1,,0
CCC(C)(O)CC,10.338992691040039,1
CCCCCc1ccccc1,,0
NC(=O)NC1NC(=O)NC1=O ,6.256163091659546,1
OCC(O)COC(=O)c1ccccc1Nc2ccnc3cc(Cl)ccc23,5.866565933227539,1
ClC(Cl)C(c1ccc(Cl)cc1)c2ccc(Cl)cc2,,0
CC(=O)OC3CCC4C2CCC1=CC(=O)CCC1(C)C2CCC34C ,,0
Clc1cccc2ccccc12,,0
CCN2c1ccccc1N(C)C(=O)c3ccccc23 ,5.1861347961425786,1
CCCCC(C)O,9.87783218383789,1
CCCC1CCCC1,,0
CCOC(=O)c1cncn1C(C)c2ccccc2,4.7851121139526365,1
Oc1ccc(Cl)c(Cl)c1,8.429437065124512,1
CC1(C)C(C=C(Cl)Cl)C1C(=O)OC(C#N)c2cccc(Oc3ccccc3)c2,,0
c2ccc1ocnc1c2,2.997918863296509,1
CCCCCO,9.65583152770996,1
CCN(CC)c1ccccc1,7.149310989379883,1
Fc1cccc(F)c1,,0
ClCCC#N ,,0
CC(C)(C)Cc1ccccc1,,0
O=C1NC(=O)NC(=O)C1(CC)c1ccccc1,7.574669303894043,1
Clc1ccccc1I,,0
c2ccc1[nH]nnc1c2,7.605558567047119,1
CNC(=O)Oc1cccc2CC(C)(C)Oc12,5.308768615722657,1
Cc1cccc(C)c1O,10.627811470031737,1
CC(C)C(C)O,10.46629379272461,1
c1ccccc1C(O)c2ccccc2,11.072638702392577,1
CCCCCCCCCC(=O)OC,,0
COP(=S)(OC)Oc1ccc(cc1Cl)N(=O)=O,,0
CC(C)CBr,,0
CCI,,0
CN(C)C(=O)Oc1nc(nc(C)c1C)N(C)C,5.301783390045166,1
CCCCCCBr,,0
CCCC(C)C,,0
Cc1c(F)c(F)c(COC(=O)C2C(C=C(Cl)C(F)(F)F)C2(C)C)c(F)c1F,,0
CCc1cccc(C)c1N(C(C)COC)C(=O)CCl ,6.231297874450684,1
ON=Cc1ccc(o1)N(=O)=O ,,0
CC(C)C(Nc1ccc(cc1Cl)C(F)(F)F)C(=O)OC(C#N)c2cccc(Oc3ccccc3)c2,4.367745065689087,1
Nc1nc[nH]n1,8.945318641662597,1
BrC(Br)Br,,0
COP(=O)(OC)C(O)C(Cl)(Cl)Cl,7.210161571502685,1
CCOP(=S)(OCC)SCn1c(=O)oc2cc(Cl)ccc12,,0
OCc1ccccc1,10.547267723083497,1
O=c2c(C3CCCc4ccccc43)c(O)c1ccccc1o2 ,5.802443542480469,1
Oc1ccc(Br)cc1,8.999874382019042,1
CC(C)Br,,0
CC(C)CC(C)(C)C,,0
O=N(=O)c1cc(cc(c1)N(=O)=O)N(=O)=O,,0
CN2C(=O)CN=C(c1ccccc1)c3cc(ccc23)N(=O)=O,3.2020607376098633,1
CCC,,0
Nc1cc(nc(N)n1=O)N2CCCCC2 ,5.11721869468689,1
Nc2cccc3nc1ccccc1cc23 ,7.254842529296875,1
c1ccc2cc3c4cccc5cccc(c3cc2c1)c45,,0
OC(c1ccc(Cl)cc1)(c2ccc(Cl)cc2)C(Cl)(Cl)Cl,9.28179946899414,1
C1Cc2cccc3cccc1c23,,0
CCOP(=S)(OCC)SC(CCl)N2C(=O)c1ccccc1C2=O,3.2001137924194336,1
Brc1ccc(Br)cc1,,0
Cn2c(=O)on(c1ccc(Cl)c(Cl)c1)c2=O,,0
Oc1ccc(cc1)c2ccccc2,9.537972831726075,1
CC1=C(CCCO1)C(=O)Nc2ccccc2 ,4.717213926315307,1
CCOC=C,,0
CCC#C,,0
COc1ncnc2nccnc12 ,3.207717971801758,1
CCCCC(C)(O)CC,10.160030784606933,1
Clc1ccc(Cl)cc1,,0
O=C1N(COC(=O)C)C(=O)C(N1)(c2ccccc2)c3ccccc3,9.547481269836426,1
CSCS(=O)CC(CO)NC(=O)C=Cc1c(C)[nH]c(=O)[nH]c1=O,7.158508415222168,1
Cc1c[nH]c2ccccc12 ,5.383358850479126,1
COc2ncc1nccnc1n2,3.2168460941314696,1
CNC(=O)Oc1ccccc1C2OCCO2,4.871876401901245,1
C1N(C(=O)NCC(C)C)C(=O)NC1,5.902575979232788,1
CC#N,,0
CCOC(=O)NCCOc2ccc(Oc1ccccc1)cc2,5.2187627410888675,1
CC(=O)N(S(=O)c1ccc(N)cc1)c2onc(C)c2C ,7.557350559234619,1
ClCC(Cl)(Cl)Cl,,0
CCCCO,9.651268348693847,1
CC1CCCCC1NC(=O)Nc2ccccc2,5.617939872741699,1
Clc1cc(Cl)cc(Cl)c1,,0
O=Cc1ccco1,,0
CC(C)CCO,9.7998335647583,1
O=Cc2ccc1OCOc1c2 ,,0
CC(=C)C,,0
O=Cc1ccccc1,,0
CC(=C)C(=C)C,,0
CCOC(=O)CCN(SN(C)C(=O)Oc1cccc2CC(C)(C)Oc21)C(C)C,6.104030265808105,1
O2c1ccccc1N(C)C(=O)c3cccnc23 ,3.8238355541229248,1
C1c2ccccc2c3ccccc13,,0
CC1CCCCC1,,0
NC(=N)NS(=O)(=O)c1ccc(N)cc1 ,9.265656852722168,1
COC(=O)c1ccc(O)cc1,8.557957763671874,1
CC1CCCO1,,0
CC3C2CCC1(C)C=CC(=O)C(=C1C2OC3=O)C,,0
OCC2OC(Oc1ccccc1CO)C(O)C(O)C2O,9.037566795349122,1
CCCI,,0
CCNc1nc(NC(C)C)nc(SC)n1,6.309517974853516,1
CCCO,9.62640899658203,1
CC(=O)C1(O)CCC2C3CCC4=CC(=O)CCC4(C)C3CCC21C,8.255979328155517,1
CCCC(C)O,9.907730331420899,1
OC(C(=O)c1ccccc1)c2ccccc2,9.78486499786377,1
Cc1ccc(O)c(C)c1,10.46163475036621,1
Clc1cccc(c1)N(=O)=O,,0
Cc2c(N)c(=O)n(c1ccccc1)n2C,9.475146942138672,1
Clc1ccc(c(Cl)c1)c2cc(Cl)ccc2Cl ,,0
ClC(=C(Cl)C(=C(Cl)Cl)Cl)Cl,,0
CCNc1nc(NC(C)(C)C)nc(SC)n1,6.648763999938965,1
CCC(C)CCO,9.697619094848633,1
Cc2ncc1nccnc1n2,3.802511978149414,1
CC23Cc1cnoc1C=C2CCC4C3CCC5(C)C4CCC5(O)C#C,8.944745693206787,1
CCCCI,,0
Brc1ccc2ccccc2c1,,0
CC1OC(CC(O)C1O)OC2C(O)CC(OC2C)OC8C(O)CC(OC7CCC3(C)C(CCC4C3CC(O)C5(C)C(CCC45O)C6=CC(=O)OC6)C7)OC8C ,8.794686260223388,1
FC(F)(F)c1ccccc1,,0
CCCCCCOC(=O)c1ccccc1C(=O)OCCCCCC,,0
c1ccc2c(c1)sc3ccccc23,,0
Clc1ccc(c(Cl)c1)c2ccc(Cl)c(Cl)c2Cl ,,0
Clc1ccc(c(Cl)c1Cl)c2ccc(Cl)c(Cl)c2Cl ,,0
CC(=O)CC(c1ccccc1)c3c(O)c2ccccc2oc3=O ,5.562382602691651,1
c1ccccc1C(O)C(O)c2ccccc2,10.959739646911622,1
COC(=O)c1ccccc1C(=O)OC,,0
CCCCCCCC(=O)OCC,,0
CCSSCC,,0
CCOCCOCC,,0
Clc1cc(Cl)c(Cl)cc1Cl,,0
Nc1ccc(cc1)c2ccc(N)cc2,5.798450317382812,1
CCCCCC=C,,0
CCCCc1c(C)nc(NCC)[nH]c1=O,5.890346870422364,1
O=C1NC(=O)NC(=O)C1(CC)C(C)CCC,7.8797581672668455,1
Nc1ccccc1Cl,10.092071990966797,1
COc1cccc(Cl)c1,,0
CCCCN(CC)C(=O)SCCC,6.130068759918213,1
CCCCOC=O,,0
CC12CC(O)C3C(CCC4=CC(=O)C=CC34C)C2CCC1(O)C(=O)CO,7.029435901641846,1
BrC(Cl)Cl,,0
CC34CC(=O)C1C(CCC2=CC(=O)CCC12C)C3CCC4(=O) ,,0
c1ccc(cc1)c2ccc(cc2)c3ccccc3,,0
Oc1ccc(C=O)cc1,8.433518180847168,1
CBr,,0
Cc1cc(ccc1NS(=O)(=O)C(F)(F)F)S(=O)(=O)c2ccccc2,7.67436466217041,1
CC(=O)CC(c1ccc(Cl)cc1)c2c(O)c3ccccc3oc2=O,5.47032283782959,1
CCc1ccc2ccccc2c1,,0
Nc1c(C)c[nH]c(=O)n1 ,6.984556121826172,1
Clc2c(Cl)c(Cl)c(c1ccccc1)c(Cl)c2Cl ,,0
c1c(NC(=O)c2ccccc2(I))cccc1,9.480901908874511,1
Cc3cc2nc1c(=O)[nH]c(=O)nc1n(CC(O)C(O)C(O)CO)c2cc3C,6.063315734863282,1
Fc1ccccc1Br,,0
Oc1ccc(Cl)cc1Cl,7.8546169090271,1
CC1(C)C(C=C(Cl)Cl)C1C(=O)OCc2cccc(Oc3ccccc3)c2,,0
CN2C(=C(O)c1ccccc1S2(=O)=O)C(=O)Nc3ccccn3 ,5.491660022735596,1
O=C1N(COC(=O)CC)C(=O)C(N1)(c2ccccc2)c3ccccc3,9.481273345947265,1
C1CCCC1,,0
Cc1ccccc1N,4.991696739196778,1
c1(OC)ccc(CC=C)cc1,,0
CN(C)C(=O)Nc1cccc(OC(=O)NC(C)(C)C)c1 ,5.567997961044312,1
CC(C)C=C,,0
Oc1ccccn1,5.166682043075562,1
CC,,0
Clc1ccccc1Cl,,0
Sc2nc1ccccc1s2 ,4.043997287750244,1
Clc1c(Cl)c(Cl)c(c(Cl)c1Cl)c2c(Cl)c(Cl)c(Cl)c(Cl)c2Cl ,,0
COc2c1occc1cc3ccc(=O)oc23 ,,0
CC(=O)N,6.659542026519776,1
Cc1cccc2ccccc12,,0
CCN(CC)C(=O)C(C)Oc1cccc2ccccc12 ,7.370887718200684,1
CC(O)C(C)(C)C,11.509208679199219,1
CCCC(=O)OCC,,0
CC2=CC(=O)c1ccccc1C2=O ,,0
c1ccc2c(c1)ccc3ccccc32,,0
Cc1ccnc(C)c1,6.513403072357177,1
CCCCCCCCCO,9.559030876159667,1
BrCBr,,0
CC1CC2C3CCC4=CC(=O)C=CC4(C)C3(F)C(O)CC2(C)C1(O)C(=O)CO,6.690302124023438,1
Cc1ccc2cc(C)ccc2c1,,0
CCSC(=O)N(CC(C)C)CC(C)C,5.976223697662354,1
O=N(=O)OCC(CON(=O)=O)ON(=O)=O ,,0
Nc1cccc(c1)N(=O)=O,9.368725090026855,1
CCCCCl,,0
ClC(Cl)(Cl)C(NC=O)N1C=CN(C=C1)C(NC=O)C(Cl)(Cl)Cl ,7.045467967987061,1
Cn2cc(c1ccccc1)c(=O)c(c2)c3cccc(c3)C(F)(F)F,,0
Nc3cc2c1ccccc1ccc2c4ccccc34 ,4.455012311935425,1
CC12CCC3C(CCc4cc(O)ccc34)C2CCC1=O,9.58964599609375,1
CCN2c1ccccc1N(C)C(=S)c3cccnc23 ,4.448325233459473,1
CC1CO1,,0
O=C3CN=C(c1ccccc1)c2cc(ccc2N3)N(=O)=O,6.060754756927491,1
CCNC(=S)NCC,6.180798091888428,1
Oc1cc(Cl)cc(Cl)c1Cl,6.579138565063476,1
CCCCC(=O)OC,,0
Nc1ccccc1,4.985560369491577,1
Cc1cccc2c(C)cccc12,,0
NS(=O)(=O)c2cc1c(NCNS1(=O)=O)cc2Cl ,7.356875,1
C1=Cc2cccc3cccc1c23,,0
CCCCCOC(=O)CC,,0
CCNc1nc(NC(C)C)nc(OC)n1,6.340892543792725,1
c1ccc2c(c1)cc3ccc4cccc5ccc2c3c45,,0
CCBr,,0
CCC#CCC,,0
CC1OC(CC(O)C1O)OC2C(O)CC(OC2C)OC8C(O)CC(OC7CCC3(C)C(CCC4C3CCC5(C)C(CCC45O)C6=CC(=O)OC6)C7)OC8C ,8.782025985717773,1
CCC(=C)C,,0
Oc1cccc2cccnc12 ,8.80817539215088,1
C1CCc2ccccc2C1,,0
Oc1ccc(cc1)C2(OC(=O)c3ccccc23)c4ccc(O)cc4 ,7.684394989013672,1
Brc1cc(Br)cc(Br)c1,,0
COP(=S)(OC)Oc1cc(Cl)c(Cl)cc1Cl,,0
Cc1cc(=O)[nH]c(=S)[nH]1,7.983111476898193,1
COc1cc(CC=C)ccc1O,9.930584297180175,1
O=C1NC(=O)NC(=O)C1(C(C)C)CC=C,7.764949016571045,1
c1cc2ccc3cccc4ccc(c1)c2c34,,0
CCOC(C)OCC,,0
CC1(C)CON(Cc2ccccc2Cl)C1=O,3.606535701751709,1
CCCCOCCO,9.448298721313476,1
Clc1c(Cl)c(Cl)c(N(=O)=O)c(Cl)c1Cl,,0
CC12CCC(O)CC1CCC3C2CCC4(C)C3CCC4=O,8.912267417907715,1
FC(F)(F)c1cccc(c1)N2CC(CCl)C(Cl)C2=O,2.6494484901428224,1
c1ccc2ncccc2c1,4.579640235900879,1
COC(=O)c1cc(O)c(O)c(O)c1 ,8.240735569000243,1
OC(Cn1cncn1)(Cn2cncn2)c3ccc(F)cc3F ,8.87741828918457,1
Clc2ccc1oc(=O)[nH]c1c2,9.09946102142334,1
Clc1ccc(c(Cl)c1)c2c(Cl)c(Cl)c(Cl)c(Cl)c2Cl,,0
O=C1NC(=O)C(=O)C(=O)N1 ,7.061189365386963,1
ClCCCCl,,0
Fc1cccc(Br)c1,,0
Clc1ccc(Br)cc1,,0
CC(C)C(C)C,,0
CCC=C,,0
Clc1ccc(Cl)c(c1)c2cc(Cl)c(Cl)c(Cl)c2Cl,,0
Nc1cc[nH]c(=O)n1 ,6.152494850158692,1
FC(F)(Cl)C(F)(Cl)Cl,,0
CCC#N,,0
ClC(Cl)C(c1ccc(Cl)cc1)c2ccccc2Cl ,,0
COc1ccccc1N(=O)=O,,0
CC34CCC1C(CC=C2CC(O)CCC12C)C3CCC4=O,8.640061340332032,1
CC12CC2(C)C(=O)N(C1=O)c3cc(Cl)cc(Cl)c3,3.1401359272003173,1
c1cc2ccc3ccc4ccc5cccc6c(c1)c2c3c4c56,,0
CCC(C)c1cc(cc(N(=O)=O)c1O)N(=O)=O ,7.35481372833252,1
c1c(OC)c(OC)C2C(=O)OCC2c1,,0
OCC(O)CO,10.357734184265137,1
COc1ccccc1O ,9.952959175109862,1
CCOP(=S)(OCC)Oc1nc(Cl)c(Cl)cc1Cl ,2.641387996673584,1
Cc1c2ccccc2cc3ccccc13,,0
Cc1cc(=O)n(c2ccccc2)n1C,,0
CCCCOC,,0
Cc2cnc1cncnc1n2,3.5324438190460206,1
CCNc1nc(Cl)nc(NCC)n1 ,7.976214294433594,1
CN(C)C(=O)C,6.614457454681396,1
CSc1nc(nc(n1)N(C)C)N(C)C,5.26527063369751,1
C=C,,0
CC(C)(C)CCO,9.997843856811523,1
O=C1NC(=O)NC(=O)C1(CC)CC=C,7.679126491546631,1
Oc1ccc(Cl)c(Cl)c1Cl,7.069890670776367,1
COc1ccccc1,,0
c1ccc(Cl)cc1C(c2ccc(Cl)cc2)(O)C(=O)OC(C)C,9.790747756958007,1
CC13CCC(=O)C=C1CCC4C2CCC(C(=O)CO)C2(CC(O)C34)C=O ,7.446826419830322,1
COc2ccc(Oc1ccc(NC(=O)N(C)C)cc1)cc2,5.904132080078125,1
CCc1ccc(C)cc1,,0
CC(C)SC(C)C,,0
O=N(=O)c1cccc(c1)N(=O)=O,,0
CCOP(=S)(OCC)SCSP(=S)(OCC)OCC,,0
CCC1(C(C)C)C(=O)NC(=O)NC1=O ,7.830508518218994,1
CC(=O)OCC(=O)C3(O)CCC4C2CCC1=CC(=O)CCC1(C)C2C(=O)CC34C ,7.562327995300293,1
Cc1ncc(N(=O)=O)n1CCO,7.258438148498535,1
Nc1ccc(Cl)cc1,4.4130455493927006,1
CCCC(C)(C)CO,10.550424766540527,1
c1ccoc1,,0
COCCCNc1nc(NC(C)C)nc(SC)n1,6.424289169311524,1
CN(C)C(=O)NC1CC2CC1C3CCCC23,6.0848329067230225,1
CC(C)(C)c1ccccc1,,0
CC(=O)CCC1C(=O)N(N(C1=O)c2ccccc2)c3ccccc3,3.221862373352051,1
CC(=O)OCC(=O)C3(O)CCC4C2CCC1=CC(=O)C=CC1(C)C2C(O)CC34C ,7.0811076164245605,1
CCCOC,,0
CC(C)OC(=O)C,,0
Brc1ccccc1,,0
CCOC(=O)c1ccc(O)cc1,8.521623802185058,1
O=C1N(COC(=O)CCC)C(=O)C(N1)(c2ccccc2)c3ccccc3,9.498176193237304,1
CCC(=O)OC3CCC4C2CCC1=CC(=O)CCC1(C)C2CCC34C ,,0
c1cc2ccc3ccc4ccc5ccc6ccc1c7c2c3c4c5c67,,0
O=c1[nH]cnc2[nH]ncc12 ,4.824283952713013,1
ClC=C,,0
CN(C)C(=O)C(c1ccccc1)c2ccccc2 ,6.483796405792236,1
BrC(Br)(Br)Br,,0
CCN2c1cc(N(C)C)cc(C)c1NC(=O)c3cccnc23 ,6.694491672515869,1
O=C1NC(=O)c2ccccc12 ,6.985560512542724,1
OC(c1ccc(Cl)cc1)(c2cncnc2)c3ccccc3Cl,9.667352790832519,1
COC(=O)c1ccccc1,,0
Cn1ccc(=O)[nH]c1=O,4.545961751937866,1
CCCCC1C(=O)N(N(C1=O)c2ccc(O)cc2)c3ccccc3 ,9.352212162017823,1
Clc1ccc(Cl)c(c1)c2cccc(Cl)c2Cl ,,0
CCC2NC(=O)c1cc(c(Cl)cc1N2)S(N)(=O)=O,6.299366722106933,1
CN(C)C(=O)Nc1ccc(Cl)c(Cl)c1,9.081267929077148,1
C1CC=CC1,,0
C1(=O)NC(=O)NC(=O)C1(O)C2(O)C(=O)NC(=O)NC2(=O),7.25618070602417,1
CCCCCCCCC,,0
Oc1ccccc1Cl,8.51505039215088,1
c1cccc2c3c(C)cc4ccccc4c3ccc12,,0
CCOc1ccccc1,,0
CCOC(=O)C=Cc1ccccc1,,0
Cc1[nH]c(=O)n(c(=O)c1Cl)C(C)(C)C,4.80913761138916,1
Clc1ccccc1C2=NCC(=O)Nc3ccc(cc23)N(=O)=O,5.923081645965576,1
Cc1ccc(cc1)S(=O)(=O)N,6.712357559204102,1
CC(OC(=O)Nc1cccc(Cl)c1)C#C,9.087930030822754,1
CCCCCC(C)C,,0
CC1(C)C(C=C(Cl)C(F)(F)F)C1C(=O)OC(C#N)c2cccc(Oc3ccccc3)c2,,0
CCCC1C(=O)N3N(C1=O)c2cc(C)ccc2N=C3N(C)C ,7.24213171005249,1
CN2C(=O)CN=C(c1ccccc1)c3cc(Cl)ccc23,3.350652666091919,1
CCC(O)C(C)C,10.540179367065429,1
CCOP(=S)(OCC)Oc1ccc(cc1)S(C)=O ,,0
CC1(C)C2CCC1(C)C(O)C2,10.673919448852539,1
CC12CCC3C(CCC4=CC(=O)CCC34C)C2CCC1O,8.068730640411378,1
CCCCCCC,,0
Oc1cccc2ccccc12,9.544868698120117,1
C/C1CCCCC1\C,,0
COc2cc1c(N)nc(nc1c(OC)c2OC)N3CCN(CC3)C(=O)OCC(C)(C)O ,6.963033218383789,1
C1Cc2c3c1cccc3cc4c2ccc5ccccc54,,0
CC(=O)C3(C)CCC4C2C=C(C)C1=CC(=O)CCC1(C)C2CCC34C,,0
CCCCCC(=O)C,,0
COP(=O)(NC(C)=O)SC ,7.282414016723632,1
CCCCSP(=O)(SCCCC)SCCCC,,0
c1cC2C(=O)NC(=O)C2cc1,5.955706167221069,1
NS(=O)(=O)c2cc1c(NC(NS1(=O)=O)C(Cl)Cl)cc2Cl ,6.248583679199219,1
CC=C(C)C,,0
Cc1ccc(C)c(C)c1,,0
Oc1cc(Cl)c(Cl)cc1Cl,6.876144962310791,1
c1ccc2c(c1)cnc3ccccc23 ,4.774826316833496,1
CCCC(C)(O)CC,10.190405464172363,1
CCCCCCCC,,0
c1ccc2cc3ccccc3cc2c1,,0
NNc1ccccc1,5.597906970977784,1
CCC=O,,0
C1CCCCCCC1,,0
O=C1NC(=O)NC(=O)C1(CC=C)CC=C,7.647387981414795,1
ClC(Cl)Cl,,0
Sc1nccc(=O)[nH]1 ,5.701385822296142,1
Clc1ccc(CN(C2CCCC2)C(=O)Nc3ccccc3)cc1,4.991857814788818,1
CC1=CCCCC1,,0
CCCCC(CC)C=O,,0
COc2c1occc1c(OC)c3c(=O)cc(C)oc23 ,,0
O=C1NC(=O)NC(=O)C1(CC)CCC(C)C,7.911180686950684,1
c1ccc2c3c(ccc2c1)c4cccc5cccc3c45,,0
CCC(CC)C=O,,0
CCCOCCC,,0
CCCCCCCCCCCCCCO,9.489790840148926,1
Oc1c(Cl)ccc(Cl)c1Cl,6.0621894836425785,1
NC(=O)N,7.461498546600342,1
CCCC#C,,0
Brc1cccc(Br)c1,,0
CCCCCCCCCCCCCCCCCCO,9.419927883148194,1
CC(=O)Nc1ccccc1,5.040670051574707,1
c1cc(O)c(O)c2OCC3(O)CC4=CC(=O)C(O)=CC4=C3c21,6.028759078979492,1
c1nccc(C(=O)NN)c1,8.518807506561279,1
OC1C=CC2C1C3(Cl)C(=C(Cl)C2(Cl)C3(Cl)Cl)Cl ,6.228891286849976,1
CC(C)CCOC=O,,0
CC(=O)c1ccccc1,,0
c2ccc1nc(ccc1c2)c4ccc3ccccc3n4 ,4.683462314605713,1
CCOP(=O)(OCC)OCC,,0
CC2(C)C1CCC(C)(C1)C2=O,,0
COc2cnc1cncnc1n2,3.2735509967803953,1
ClC2=C(Cl)C3(Cl)C1C=CCC1C2(Cl)C3(Cl)Cl ,,0
CC(C)N(=O)=O,,0
c1ccc2c(c1)[nH]c3ccccc32,5.9243228721618655,1
OCC(O)C(O)CO,10.574776649475098,1
CCCOC(=O)c1ccc(N)cc1,9.952220115661621,1
CNC(=O)C=C(C)OP(=O)(OC)OC,6.095286912918091,1
O=C1CCC(=O)N1,6.556123046875,1
CCC(C)C(C)C,,0
CCCCc1c(C)nc(NCC)nc1OS(=O)(=O)N(C)C ,8.732981777191162,1
CCN2c1ncccc1N(C)C(=S)c3cccnc23 ,4.752733154296875,1
O2c1ccccc1N(CC)C(=O)c3ccccc23 ,3.85085786819458,1
C1CCOCC1,,0
CCCCCC#C,,0
c1cc2ccc(OC)c(CC=C(C)(C))c2oc1=O ,,0
c1cc(C)cc2c1c3cc4cccc5CCc(c45)c3cc2,,0
CCOC(=O)c1ccccc1,,0
ClCC(C)C,,0
CC34CCC1C(CCc2cc(O)ccc12)C3CCC4(O)C#C ,9.86701026916504,1
CCCCCCCCCCCC(=O)OC,,0
CCCSCCC,,0
c1ccc2cc3cc4ccccc4cc3cc2c1,,0
CCCCCBr,,0
CCCC/C=C/C,,0
Cc1ncc(N(=O)=O)n1CCO ,7.258438148498535,1
CCCCCC1CCCC1,,0
Clc1ccc(Cl)c(c1)c2c(Cl)c(Cl)cc(Cl)c2Cl ,,0
O=C1NC(=O)NC(=O)C1(CC)C(C)C,7.830508518218994,1
CC(Cl)(Cl)Cl,,0
CON(C)C(=O)Nc1ccc(Cl)cc1,9.689010276794434,1
O=C2NC(=O)C1(CCCCC1)C(=O)N2,7.9509328269958495,1
CN(C)C(=O)OC1=CC(=O)CC(C)(C)C1 ,4.345536518096924,1
Cc1ccc(Br)cc1,,0
CCOCC,,0
CC(C)NC(=O)N1CC(=O)N(C1=O)c2cc(Cl)cc(Cl)c2,8.508441791534423,1
CCCCN(CC)c1c(cc(cc1N(=O)=O)C(F)(F)F)N(=O)=O,4.147443084716797,1
Cc1cc(C)c(O)c(C)c1,10.79867244720459,1
c1ccccc1,,0
Clc1ccc(I)cc1,,0
COc1ccc(NC(=O)N(C)C)cc1Cl,5.077787561416626,1
CC(C)N(C(=O)CCl)c1ccccc1 ,5.363331117630005,1
C=Cc1ccccc1,,0
COCOC,,0
Cc1ccccc1C,,0
CCC(C)O,9.967904472351075,1
Oc1ccc(O)cc1,9.582819900512696,1
CC34CCC1C(CCc2cc(O)ccc12)C3CC(O)C4O ,10.039832572937012,1
C1c2ccccc2c3cc4ccccc4cc13,,0
O=C1CNC(=O)N1 ,9.360532073974609,1
c1(O)cc(O)ccc1CCCCCC,9.972230911254883,1
C=CCS(=O)SCC=C,,0
CCOP(=S)(OCC)Oc2ccc1oc(=O)c(Cl)c(C)c1c2,,0
Cc1c(C)c2c3ccccc3ccc2c4ccccc14,,0
CCCCC(=O)OC3(C(C)CC4C2CCC1=CC(=O)C=CC1(C)C2(F)C(O)CC34C)C(=O)CO,7.03778335571289,1
O=c2[nH]c(=O)c1[nH]c(=O)[nH]c1[nH]2 ,7.4434562683105465,1
Oc1c(Cl)cc(Cl)c(Cl)c1Cl,5.59938798904419,1
Clc1cccc(Cl)c1,,0
Clc1ccc(cc1)C(c2ccc(Cl)cc2)C(Cl)(Cl)Cl,,0
CC(C)COC=O,,0
c1ccccc1SC,,0
CCN2c1nc(C)cc(C(F)(F)F)c1NC(=O)c3cccnc23 ,6.353506870269776,1
CCCCCC,,0
COC(=O)c1cccnc1 ,3.3865954303741455,1
NS(=O)(=O)c3cc2c(NC(Cc1ccccc1)NS2(=O)=O)cc3C(F)(F)F,6.287725620269775,1
Clc1ccc(cc1Cl)c2cc(Cl)c(Cl)c(Cl)c2Cl ,,0
CC1(OC(=O)N(C1=O)c2cc(Cl)cc(Cl)c2)C=C,2.97617883682251,1
CCNc1nc(Cl)nc(NC(C)(C)C#N)n1,6.949048309326172,1
c1ccc2c(c1)c3ccccc3c4ccccc24,,0
CC=C(C(=CC)c1ccc(O)cc1)c2ccc(O)cc2,9.887625007629394,1
CCCCC(CC)COC(=O)c1ccccc1C(=O)OCC(CC)CCCC,,0
CCc1ccccn1,5.730905380249023,1
COP(=O)(OC)OC(Br)C(Cl)(Cl)Br,,0
c1ccc(cc1)c2ccccc2,,0
Clc1cc(Cl)c(c(Cl)c1)c2c(Cl)cc(Cl)cc2Cl ,,0
CN(C)c1nc(nc(n1)N(C)C)N(C)C,5.870743198394775,1
CC(C)CC(C)(C)O,10.40632064819336,1
O=C2NC(=O)C1(CCCCCC1)C(=O)N2 ,8.00222791671753,1
OCC1OC(O)(CO)C(O)C1O,9.632289905548095,1
Cc1cc(C)cc(O)c1,10.139172096252441,1
ClCC#CCOC(=O)Nc1cccc(Cl)c1,9.08299840927124,1
CC(=O)Nc1ccc(Cl)cc1,4.9911572360992436,1
Clc1ccc(Cl)c(c1)c2c(Cl)c(Cl)c(Cl)c(Cl)c2Cl,,0
CCC(C)(C)C,,0
CNc1ccccc1,5.848160171508789,1
C=CCC=C,,0
CC(=O)OCC(=O)C1(O)CCC2C3CCC4=CC(=O)CCC4(C)C3C(O)CC21C,7.023922920227051,1
Cc1cc(cc(N(=O)=O)c1O)N(=O)=O,6.883144855499268,1
OC3N=C(c1ccccc1Cl)c2cc(Cl)ccc2NC3=O,6.31549220085144,1
Oc1cccc(Cl)c1,9.125796585083007,1
Clc1cccc(Br)c1,,0
NS(=O)(=O)c2cc1c(N=CNS1(=O)=O)cc2Cl ,6.575884399414062,1
O=C1NC(=O)NC(=O)C1(C)CC,7.831920833587646,1
OCCOc1ccccc1,9.397878379821778,1
C(c1ccccc1)c2ccccc2,,0
CCCCCC(O)CC,9.975366439819336,1
CCN(Cc1c(F)cccc1Cl)c2c(cc(cc2N(=O)=O)C(F)(F)F)N(=O)=O,3.3649739265441894,1
CC(C)Nc1nc(Cl)nc(NC(C)C)n1,5.52721378326416,1
CCCC(C)CO,10.066468544006348,1
CCCCC(C)(C)O,10.294500350952148,1
CCc1ccccc1,,0
O=C1NC(=O)NC(=O)C1(CC)CC=C(C)C,8.067278690338135,1
ClC1C=CC2C1C3(Cl)C(=C(Cl)C2(Cl)C3(Cl)Cl)Cl,,0
CCC(C)C1(CC(Br)=C)C(=O)NC(=O)NC1=O ,7.652780132293701,1
CC1(C)C(C(=O)OC(C#N)c2cccc(Oc3ccccc3)c2)C1(C)C,,0
COC(C)(C)CCCC(C)CC=CC(C)=CC(=O)OC(C)C,,0
CCOC(=O)CC,,0
CSc1nc(NC(C)C)nc(NC(C)C)n1,5.991329288482666,1
CC(C#C)N(C)C(=O)Nc1ccc(Cl)cc1,9.27299446105957,1
Cc1cc2ccccc2cc1C,,0
Clc1ccc(cc1)c2cc(Cl)ccc2Cl ,,0
Clc1ccc(c(Cl)c1)c2cc(Cl)c(Cl)c(Cl)c2Cl ,,0
NC(N)=NC#N ,4.960198564529419,1
ClC(Cl)(Cl)N(=O)=O,,0
Clc1cccc(Cl)c1c2ccccc2 ,,0
COc1ccc(C=O)cc1,,0
CC(=O)Nc1ccc(cc1)N(=O)=O,9.700890617370606,1
CCCCCCC(=O)OCC,,0
CC(=O)Nc1ccc(O)cc1,5.890574645996094,1
c2ccc1[nH]ncc1c2 ,4.569255084991455,1
CC5(C)OC4CC3C2CCC1=CC(=O)C=CC1(C)C2(F)C(O)CC3(C)C4(O5)C(=O)CO ,7.549070987701416,1
Nc2nc1[nH]cnc1c(=O)[nH]2 ,5.636212673187256,1
COC(=O)C,,0
CC34CCC1C(CCC2CC(=O)CCC12C)C3CCC4O ,9.569941482543946,1
CCCC(O)C=C,10.118909454345703,1
OC(C1=CC2C5C(C1C2=C(c3ccccc3)c4ccccn4)C(=O)NC5=O)(c6ccccc6)c7ccccn7 ,6.442947101593018,1
CCCCOCCCC,,0
CCCCCCCCCCCCO,9.52435661315918,1
CCN2c1nc(N(C)(CCO))ccc1NC(=O)c3cccnc23 ,7.643673095703125,1
CCCC(C)(C)O,10.354056663513184,1
Nc1nc(=O)[nH]cc1F,7.959253807067871,1
CCCCOc1ccc(C(=O)OCC)c(c1)N(CC)CC ,5.928765182495117,1
CCCCCC(C)(C)O,10.280562858581543,1
Cc1c(C)c(C)c(C)c(C)c1C,,0
CC(C)c1ccc(C)cc1O,10.77851833343506,1
c2cnc1ncncc1n2,3.2464576816558837,1
CCOP(=S)(OCC)Oc1ccc(cc1)N(=O)=O,,0
C,,0
c2ccc1NCCc1c2 ,5.543559913635254,1
O=N(=O)c1cccc2ccccc12,,0
CCC(C)C(=O)C,,0
Nc1nc(O)nc2nc[nH]c12 ,5.847305717468262,1
OC(CC(c1ccccc1)c3c(O)c2ccccc2oc3=O)c4ccc(cc4)c5ccc(Br)cc5 ,7.499059009552002,1
CN(=O)=O,,0
CC(C)N(C(C)C)C(=O)SCC(Cl)=C(Cl)Cl,5.986407175064087,1
C=CCCC=C,,0
c2ccc1[nH]ccc1c2,4.656101016998291,1
CC34CCC1C(CCC2=CC(=O)CCC12C)C3CCC4=O,,0
CCCCC=C,,0
Cc1cccc(C)c1NC(=O)c2cc(c(Cl)cc2O)S(N)(=O)=O,6.441811408996582,1
CCC1CCCCC1,,0
CCCCCCCC(=O)C,,0
COC(=O)Nc2nc1ccc(cc1[nH]2)C(=O)c3ccccc3,8.136176109313965,1
CC(C)OC(=O)Nc1cccc(Cl)c1,4.573446388244629,1
CCN2c1nc(Cl)ccc1N(C)C(=O)c3cccnc23 ,5.023727855682373,1
CNC(=O)Oc1cccc2ccccc12,4.6584104347229,1
C#C,,0
Cc1cncc(C)c1,6.0812617111206055,1
C1C=CCC=C1,,0
CCOC(=O)N(C)C(=O)CSP(=S)(OCC)OCC,5.219222793579101,1
CC(O)c1ccccc1,10.836624870300293,1
CC(Cl)CCl,,0
CCCC=C(CC)C=O,,0
CCOP(=S)(OCC)SCCSCC,,0
CC(=O)OC3(C)CCC4C2CCC1=CC(=O)CCC1(C)C2CCC34C ,,0
Clc1ccc(cc1)c2c(Cl)cccc2Cl ,,0
Fc1cccc(F)c1C(=O)NC(=O)Nc2ccc(Cl)cc2,7.687875480651855,1
Oc1cc(Cl)ccc1Oc2ccc(Cl)cc2Cl,8.56073070526123,1
c1(C(=O)OCCCCCC(C)(C))c(C(=O)OCCCCCC(C)(C))cccc1,,0
CC12CC(O)C3C(CCC4=CC(=O)CCC34C)C2CCC1C(=O)CO,7.741184024810791,1
Cc1cc(C)cc(C)c1,,0
CCCCCCCCOC(=O)c1ccccc1C(=O)OCCCCCCCC ,,0
CCCCCCCCCCCCCCCO,9.47102472305298,1
Clc1cccc(Cl)c1c2c(Cl)cccc2Cl ,,0
O=C1NC(=O)NC(=O)C1(C)C,7.881340579986572,1
CC(C)I,,0
O=N(=O)c1ccccc1N(=O)=O,,0
CC(C)C(=O)C,,0
CCCCCCCCCCCCCCCC,,0
CC12CCC(CC1)C(C)(C)O2,,0
Cc2cccc3sc1nncn1c23 ,3.608289623260498,1
CCCCCCC(=O)C,,0
CCCCCCCCC(=O)OC,,0
Fc1ccc(F)cc1,,0
O=C1N(C2CCC(=O)NC2=O)C(=O)c3ccccc13,8.794821376800536,1
CCCN(CCC)c1c(cc(cc1N(=O)=O)C(F)(F)F)N(=O)=O,4.066046237945557,1
CCO,9.790678825378418,1
O=C2NC(=O)C1(CCCC1)C(=O)N2,7.899711685180664,1
c1c(NC(=O)OC(C)C(=O)NCC)cccc1,7.509681205749512,1
CC(C)=CC3C(C(=O)OCc2cccc(Oc1ccccc1)c2)C3(C)C ,,0
CN(C)C(=O)NC1CCCCCCC1,6.211091976165772,1
ClC1(C2(Cl)C3(Cl)C4(Cl)C5(Cl)C1(Cl)C3(Cl)Cl)C5(Cl)C(Cl)(Cl)C24Cl,,0
CCCCCCCCBr,,0
CCCCNC(=O)n1c(NC(=O)OC)nc2ccccc12,5.5182152938842775,1
CN(C)c2c(C)n(C)n(c1ccccc1)c2=O ,5.136873188018799,1
CCC(O)CC,9.950776557922364,1
Cc1ccc(cc1)N(=O)=O,,0
CC(C)CCCO,9.70411434173584,1
CC34CCC1C(CCC2=CC(=O)CCC12O)C3CCC4(O)C#C,8.036170310974121,1
CC(C)OC(=O)C(O)(c1ccc(Br)cc1)c2ccc(Br)cc2 ,9.79823917388916,1
Nc2cnn(c1ccccc1)c(=O)c2Cl,8.672619762420654,1
CCC(C)(C)O,10.51749496459961,1
Cc1ccc(O)cc1,10.184429359436034,1
CCOC=O,,0
CN(C)c1ccccc1,6.1817706680297855,1
C1CCC2CCCCC2C1,,0
CCCCS,6.084372615814209,1
c1ccc2c(c1)c3cccc4ccc5cccc2c5c43,,0
ClC(=C(Cl)Cl)Cl,,0
CCC(=O)CC,,0
C=CC#N,,0
CC1CC2C3CC(F)C4=CC(=O)C=CC4(C)C3(F)C(O)CC2(C)C1(O)C(=O)CO,6.545542869567871,1
CCCCC(=O)C,,0
CCNc1nc(NC(C)(C)C)nc(OC)n1,6.59064115524292,1
CCCCC(C)CC,,0
BrCCBr,,0
CNC(=O)Oc1ccccc1C(C)C,4.974183530807495,1
O=C1NCCN1c2ncc(s2)N(=O)=O,5.414461231231689,1
C1c2ccccc2c3ccc4ccccc4c13,,0
COc1ccccc1Cl,,0
COP(=S)(OC)Oc1cc(Cl)c(Br)cc1Cl,,0
ClC(Cl)CC(=O)NC2=C(Cl)C(=O)c1ccccc1C2=O,5.064875955581665,1
ClC(Cl)C(c1ccc(Cl)cc1)c2ccc(Cl)cc2 ,,0
COC(=O)C=C,,0
CN(C)C(=O)Nc2ccc(Oc1ccc(Cl)cc1)cc2,5.502707500457763,1
N(=Nc1ccccc1)c2ccccc2,,0
CC(C)c1ccc(C)cc1,,0
Oc1c(Cl)cccc1Cl,6.780938682556152,1
OCC2OC(OC1(CO)OC(CO)C(O)C1O)C(O)C(O)C2O ,8.901046714782716,1
OC1C(O)C(O)C(O)C(O)C1O,10.413657417297363,1
Cn2c(=O)n(C)c1ncn(CC(O)CO)c1c2=O,9.308252754211425,1
OCC(NC(=O)C(Cl)Cl)C(O)c1ccc(cc1)N(=O)=O,8.02665822982788,1
CCC(O)(CC)CC,10.134279594421386,1
CC45CCC2C(CCC3CC1SC1CC23C)C4CCC5O,9.433300647735596,1
Brc1ccccc1Br,,0
Oc1c(Cl)cc(Cl)cc1Cl,6.163254470825195,1
CCCN(CCC)c1c(cc(cc1N(=O)=O)S(N)(=O)=O)N(=O)=O,6.778685569763184,1
C2c1ccccc1N(CCF)C(=O)c3ccccc23 ,3.391167106628418,1
CC(C)C(=O)C(C)C,,0
O=C1NC(=O)NC(=O)C1(C(C)C)CC=C(C)C,8.143415298461914,1
c1c(O)C2C(=O)C3cc(O)ccC3OC2cc1(OC),5.035343084335327,1
Cn1cnc2n(C)c(=O)n(C)c(=O)c12,3.6489524173736574,1
CC(=O)SC4CC1=CC(=O)CCC1(C)C5CCC2(C)C(CCC23CCC(=O)O3)C45,,0
Cc1ccc(O)cc1C,10.242194175720215,1
O(c1ccccc1)c2ccccc2,,0
Clc1cc(Cl)c(cc1Cl)c2cc(Cl)c(Cl)cc2Cl ,,0
NC(=O)c1cccnc1 ,8.76337797164917,1
Sc1ccccc1,6.37730562210083,1
CNC(=O)Oc1cc(C)cc(C)c1,4.837026348114014,1
ClC1CC2C(C1Cl)C3(Cl)C(=C(Cl)C2(Cl)C3(Cl)Cl)Cl,,0
CSSC,,0
NC(=O)c1ccccc1,8.858915348052978,1
Clc1ccccc1Br,,0
COC(=O)c1ccccc1OC2OC(COC3OCC(O)C(O)C3O)C(O)C(O)C2O,8.69304531097412,1
CCCCC(O)CC,9.941844367980957,1
CCN2c1nc(C)cc(C)c1NC(=O)c3cccnc23 ,7.253523159027099,1
Oc1cc(Cl)cc(Cl)c1,8.284312896728515,1
Cc1cccc2c1ccc3ccccc32,,0
CCCCC(CC)CO,10.047084007263184,1
CC(C)N(C(C)C)C(=O)SCC(=CCl)Cl,6.359791450500488,1
Cc1ccccc1,,0
Clc1cccc(n1)C(Cl)(Cl)Cl,2.4303695583343505,1
C1CCC=CCC1,,0
CN(C)C(=S)SSC(=S)N(C)C ,5.076631193161011,1
COC1=CC(=O)CC(C)C13Oc2c(Cl)c(OC)cc(OC)c2C3=O,,0
CCCCCCCCCCO,9.553754005432129,1
CCC(C)(C)CC,,0
CNC(=O)C(C)SCCSP(=O)(OC)(OC),6.941356410980225,1
Oc1cc(Cl)c(Cl)c(Cl)c1Cl,6.0209294700622555,1
CCCC=O,,0
CC4CC3C2CCC1=CC(=O)C=CC1(C)C2(F)C(O)CC3(C)C4(O)C(=O)COC(C)=O ,6.692252254486084,1
CCCC,,0
COc1ccccc1O,9.952959175109862,1
CC1CC2C3CCC(O)(C(=O)C)C3(C)CC(O)C2(F)C4(C)C=CC(=O)C=C14,6.781860332489014,1
ClC(Cl)C(Cl)(Cl)Cl,,0
CCOC(=O)c1ccccc1C(=O)OCC,,0
CC(C)CO,10.245072479248046,1
CC(C)Cc1ccccc1,,0
ICI,,0
CCCC(O)CCC,9.92917465209961,1
CCCCCOC(=O)C,,0
Oc1c(Cl)c(Cl)cc(Cl)c1Cl,5.546274719238281,1
CCCc1ccccc1,,0
FC(F)(Cl)C(F)(F)Cl,,0
CC=CC=O,,0
CN(C)C(=O)N(C)C ,6.217429971694946,1
Cc1cc(C)c(C)cc1C,,0
CC(=O)OC3(CCC4C2CCC1=CC(=O)CCC1C2CCC34C)C#C,,0
CCOP(=S)(OCC)N2C(=O)c1ccccc1C2=O,3.251876640319824,1
c1ccccc1NC(=O)c2c(O)cccc2,9.200676460266113,1
CCN(CC)C(=S)SCC(Cl)=C,6.075453662872315,1
ClCC,,0
CC(=O)Nc1cc(NS(=O)(=O)C(F)(F)F)c(C)cc1C,8.155639343261718,1
O=C(C=CC=Cc2ccc1OCOc1c2)N3CCCCC3,7.004904880523681,1
CC/C=C\C,,0
CNC(=O)ON=C(CSC)C(C)(C)C ,5.443396224975586,1
O=C2NC(=O)C1(CCCCCCC1)C(=O)N2,8.046469764709473,1
c1(C(C)(C)C)cc(C(C)(C)C)cc(OC(=O)NC)c1,5.1371447944641115,1
Oc2cc(O)c1C(=O)CC(Oc1c2)c3ccc(O)c(O)c3,7.880239944458008,1
O=C(c1ccccc1)c2ccccc2,,0
CCCCCCCCCCCCCCCCCCCC,,0
N(Nc1ccccc1)c2ccccc2 ,,0
CCC(CC)CO,10.128969078063966,1
Oc1ccncc1,7.4161906242370605,1
Cl\C=C/Cl,,0
CC1CCCC1,,0
CC(C)CC(C)O,9.97055923461914,1
O2c1ccc(N)cc1N(C)C(=O)c3cc(C)ccc23 ,6.159900569915772,1
CC(C)(C)CO,10.894048767089844,1
CC(C)(C)C(=O)C(Oc1ccc(Cl)cc1)n2cncn2,3.690019884109497,1
Cc1cc(no1)C(=O)NNCc2ccccc2,7.687128162384033,1
CC=C,,0
Oc1ccc(Cl)cc1Cc2cc(Cl)ccc2O,8.6347513961792,1
CCOC(=O)Nc2cccc(OC(=O)Nc1ccccc1)c2 ,4.5634969711303714,1
O=C1c2ccccc2C(=O)c3ccccc13,,0
CCCCCCC(C)O,9.854236907958985,1
CC1=C(C(=O)Nc2ccccc2)S(=O)(=O)CCO1,8.859705848693848,1
CCCCc1ccccc1,,0
O=C1NC(=O)C(=O)N1 ,8.78441219329834,1
COP(=S)(OC)Oc1ccc(Sc2ccc(OP(=S)(OC)OC)cc2)cc1,,0
NS(=O)(=O)c1cc(ccc1Cl)C2(O)NC(=O)c3ccccc23,5.982573976516724,1
CC(C)COC(=O)C,,0
CC(C)C(C)(C)C,,0
Clc1ccc(c(Cl)c1Cl)c2c(Cl)cc(Cl)c(Cl)c2Cl ,,0
N#Cc1ccccc1C#N,,0
Cc1cccc(c1)N(=O)=O,,0
FC(F)(F)C(Cl)Br ,,0
CNC(=O)ON=C(SC)C(=O)N(C)C,5.945528001785278,1
CCSCCSP(=S)(OC)OC,,0
CCC(C)C,,0
COP(=O)(OC)OC(=CCl)c1cc(Cl)c(Cl)cc1Cl,,0
