# REAL experimental data from Shields, B. J. et al. "Bayesian reaction optimization as a tool for chemical synthesis." Nature 2021, 590, 89-96. DOI: 10.1038/s41586-021-03213-y
# Mirrored from github.com/b-shields/edbo (experiments/data/direct_arylation/experiment_index.csv)
# Reaction: Pd-catalyzed direct arylation of an imidazole with an aryl bromide.
# Column descriptions:
#   entry          - index (0-based)
#   Base_SMILES    - categorical, 4 levels: the base as a SMILES string (potassium acetate, potassium pivalate, cesium acetate, cesium pivalate)
#   Ligand_SMILES  - categorical, 6 levels: phosphine ligand SMILES (e.g. XPhos-type, tri-tert-butylphosphine, DavePhos-type, tricyclohexylphosphine, triphenylphosphine, SPhos-type)
#   Solvent_SMILES - categorical, 4 levels: solvent SMILES (DMAc, butyronitrile, butyl acetate, p-xylene)
#   Concentration  - continuous, mol/L, 2 levels in the grid
#   Temp_C         - continuous, reaction temperature in degrees Celsius
#   yield          - response variable, % yield (0-100); this is what Bayesian optimization maximizes. In the notebook it is normalized to [0,1] by dividing by the dataset's max observed yield.
#
# NOTE ON COMPLETENESS: The full reported grid contains 1536 conditions (4 bases x 6 ligands x 4 solvents x 2 concentrations x 4 temperatures).
# This file contains only the first 378 of 1536 reported conditions (entries 0-377); retrieval was truncated by automated web-fetch tool output limits despite
# multiple retry attempts (direct GitHub raw, jsdelivr CDN mirrors), all of which truncated at the identical byte offset.
# See PAPERS-AND-DATASETS.md for the authoritative full dataset location (github.com/b-shields/edbo/blob/master/experiments/data/direct_arylation/experiment_index.csv).
entry,Base_SMILES,Ligand_SMILES,Solvent_SMILES,Concentration,Temp_C,yield
0,O=C([O-])C.[K+],CC(C)C1=CC(C(C)C)=C(C(C(C)C)=C1)C2=C(P(C3CCCCC3)C4CCCCC4)C(OC)=CC=C2OC,CC(N(C)C)=O,0.1,105,5.47
1,O=C([O-])C.[K+],CC(C)(C)P(C1=CC=CC=C1)C(C)(C)C,CC(N(C)C)=O,0.1,105,0
2,O=C([O-])C.[K+],CN(C)C1=CC=CC(N(C)C)=C1C2=CC=CC=C2P(C(C)(C)C)C3=CC=CC=C3,CC(N(C)C)=O,0.1,105,78.95
3,O=C([O-])C.[K+],P(C1CCCCC1)(C2CCCCC2)C3CCCCC3,CC(N(C)C)=O,0.1,105,7.26
4,O=C([O-])C.[K+],P(C1=CC=CC=C1)(C2=CC=CC=C2)C3=CC=CC=C3,CC(N(C)C)=O,0.1,105,28.15
5,O=C([O-])C.[K+],CC(C1=C(C2=CC=CC=C2P(C3CCCCC3)C4CCCCC4)C(C(C)C)=CC(C(C)C)=C1)C,CC(N(C)C)=O,0.1,105,65.37
6,O=C([O-])C(C)(C)C.[K+],CC(C)C1=CC(C(C)C)=C(C(C(C)C)=C1)C2=C(P(C3CCCCC3)C4CCCCC4)C(OC)=CC=C2OC,CC(N(C)C)=O,0.1,105,0.07
7,O=C([O-])C(C)(C)C.[K+],CC(C)(C)P(C1=CC=CC=C1)C(C)(C)C,CC(N(C)C)=O,0.1,105,0
8,O=C([O-])C(C)(C)C.[K+],CN(C)C1=CC=CC(N(C)C)=C1C2=CC=CC=C2P(C(C)(C)C)C3=CC=CC=C3,CC(N(C)C)=O,0.1,105,28.64
9,O=C([O-])C(C)(C)C.[K+],P(C1CCCCC1)(C2CCCCC2)C3CCCCC3,CC(N(C)C)=O,0.1,105,10.44
10,O=C([O-])C(C)(C)C.[K+],P(C1=CC=CC=C1)(C2=CC=CC=C2)C3=CC=CC=C3,CC(N(C)C)=O,0.1,105,63.13
11,O=C([O-])C(C)(C)C.[K+],CC(C1=C(C2=CC=CC=C2P(C3CCCCC3)C4CCCCC4)C(C(C)C)=CC(C(C)C)=C1)C,CC(N(C)C)=O,0.1,105,77.41
12,O=C([O-])C.[Cs+],CC(C)C1=CC(C(C)C)=C(C(C(C)C)=C1)C2=C(P(C3CCCCC3)C4CCCCC4)C(OC)=CC=C2OC,CC(N(C)C)=O,0.1,105,4.74
13,O=C([O-])C.[Cs+],CC(C)(C)P(C1=CC=CC=C1)C(C)(C)C,CC(N(C)C)=O,0.1,105,0
14,O=C([O-])C.[Cs+],CN(C)C1=CC=CC(N(C)C)=C1C2=CC=CC=C2P(C(C)(C)C)C3=CC=CC=C3,CC(N(C)C)=O,0.1,105,29.31
15,O=C([O-])C.[Cs+],P(C1CCCCC1)(C2CCCCC2)C3CCCCC3,CC(N(C)C)=O,0.1,105,12.83
16,O=C([O-])C.[Cs+],P(C1=CC=CC=C1)(C2=CC=CC=C2)C3=CC=CC=C3,CC(N(C)C)=O,0.1,105,62.82
17,O=C([O-])C.[Cs+],CC(C1=C(C2=CC=CC=C2P(C3CCCCC3)C4CCCCC4)C(C(C)C)=CC(C(C)C)=C1)C,CC(N(C)C)=O,0.1,105,87.83
18,O=C([O-])C(C)(C)C.[Cs+],CC(C)C1=CC(C(C)C)=C(C(C(C)C)=C1)C2=C(P(C3CCCCC3)C4CCCCC4)C(OC)=CC=C2OC,CC(N(C)C)=O,0.1,105,0
19,O=C([O-])C(C)(C)C.[Cs+],CC(C)(C)P(C1=CC=CC=C1)C(C)(C)C,CC(N(C)C)=O,0.1,105,0
20,O=C([O-])C(C)(C)C.[Cs+],CN(C)C1=CC=CC(N(C)C)=C1C2=CC=CC=C2P(C(C)(C)C)C3=CC=CC=C3,CC(N(C)C)=O,0.1,105,7.62
21,O=C([O-])C(C)(C)C.[Cs+],P(C1CCCCC1)(C2CCCCC2)C3CCCCC3,CC(N(C)C)=O,0.1,105,8.85
22,O=C([O-])C(C)(C)C.[Cs+],P(C1=CC=CC=C1)(C2=CC=CC=C2)C3=CC=CC=C3,CC(N(C)C)=O,0.1,105,52.05
23,O=C([O-])C(C)(C)C.[Cs+],CC(C1=C(C2=CC=CC=C2P(C3CCCCC3)C4CCCCC4)C(C(C)C)=CC(C(C)C)=C1)C,CC(N(C)C)=O,0.1,105,29.16
24,O=C([O-])C.[K+],CC(C)C1=CC(C(C)C)=C(C(C(C)C)=C1)C2=C(P(C3CCCCC3)C4CCCCC4)C(OC)=CC=C2OC,CCCC#N,0.1,105,18.44
25,O=C([O-])C.[K+],CC(C)(C)P(C1=CC=CC=C1)C(C)(C)C,CCCC#N,0.1,105,0
26,O=C([O-])C.[K+],CN(C)C1=CC=CC(N(C)C)=C1C2=CC=CC=C2P(C(C)(C)C)C3=CC=CC=C3,CCCC#N,0.1,105,6.17
27,O=C([O-])C.[K+],P(C1CCCCC1)(C2CCCCC2)C3CCCCC3,CCCC#N,0.1,105,0
28,O=C([O-])C.[K+],P(C1=CC=CC=C1)(C2=CC=CC=C2)C3=CC=CC=C3,CCCC#N,0.1,105,6.24
29,O=C([O-])C.[K+],CC(C1=C(C2=CC=CC=C2P(C3CCCCC3)C4CCCCC4)C(C(C)C)=CC(C(C)C)=C1)C,CCCC#N,0.1,105,47.3
30,O=C([O-])C(C)(C)C.[K+],CC(C)C1=CC(C(C)C)=C(C(C(C)C)=C1)C2=C(P(C3CCCCC3)C4CCCCC4)C(OC)=CC=C2OC,CCCC#N,0.1,105,56.05
31,O=C([O-])C(C)(C)C.[K+],CC(C)(C)P(C1=CC=CC=C1)C(C)(C)C,CCCC#N,0.1,105,0
32,O=C([O-])C(C)(C)C.[K+],CN(C)C1=CC=CC(N(C)C)=C1C2=CC=CC=C2P(C(C)(C)C)C3=CC=CC=C3,CCCC#N,0.1,105,6.39
33,O=C([O-])C(C)(C)C.[K+],P(C1CCCCC1)(C2CCCCC2)C3CCCCC3,CCCC#N,0.1,105,0.35
34,O=C([O-])C(C)(C)C.[K+],P(C1=CC=CC=C1)(C2=CC=CC=C2)C3=CC=CC=C3,CCCC#N,0.1,105,4.28
35,O=C([O-])C(C)(C)C.[K+],CC(C1=C(C2=CC=CC=C2P(C3CCCCC3)C4CCCCC4)C(C(C)C)=CC(C(C)C)=C1)C,CCCC#N,0.1,105,56.14
36,O=C([O-])C.[Cs+],CC(C)C1=CC(C(C)C)=C(C(C(C)C)=C1)C2=C(P(C3CCCCC3)C4CCCCC4)C(OC)=CC=C2OC,CCCC#N,0.1,105,64.48
37,O=C([O-])C.[Cs+],CC(C)(C)P(C1=CC=CC=C1)C(C)(C)C,CCCC#N,0.1,105,0
38,O=C([O-])C.[Cs+],CN(C)C1=CC=CC(N(C)C)=C1C2=CC=CC=C2P(C(C)(C)C)C3=CC=CC=C3,CCCC#N,0.1,105,5.88
39,O=C([O-])C.[Cs+],P(C1CCCCC1)(C2CCCCC2)C3CCCCC3,CCCC#N,0.1,105,0.57
40,O=C([O-])C.[Cs+],P(C1=CC=CC=C1)(C2=CC=CC=C2)C3=CC=CC=C3,CCCC#N,0.1,105,3.21
41,O=C([O-])C.[Cs+],CC(C1=C(C2=CC=CC=C2P(C3CCCCC3)C4CCCCC4)C(C(C)C)=CC(C(C)C)=C1)C,CCCC#N,0.1,105,83.83
42,O=C([O-])C(C)(C)C.[Cs+],CC(C)C1=CC(C(C)C)=C(C(C(C)C)=C1)C2=C(P(C3CCCCC3)C4CCCCC4)C(OC)=CC=C2OC,CCCC#N,0.1,105,55.41
43,O=C([O-])C(C)(C)C.[Cs+],CC(C)(C)P(C1=CC=CC=C1)C(C)(C)C,CCCC#N,0.1,105,0
44,O=C([O-])C(C)(C)C.[Cs+],CN(C)C1=CC=CC(N(C)C)=C1C2=CC=CC=C2P(C(C)(C)C)C3=CC=CC=C3,CCCC#N,0.1,105,5.41
45,O=C([O-])C(C)(C)C.[Cs+],P(C1CCCCC1)(C2CCCCC2)C3CCCCC3,CCCC#N,0.1,105,0.33
46,O=C([O-])C(C)(C)C.[Cs+],P(C1=CC=CC=C1)(C2=CC=CC=C2)C3=CC=CC=C3,CCCC#N,0.1,105,3.44
47,O=C([O-])C(C)(C)C.[Cs+],CC(C1=C(C2=CC=CC=C2P(C3CCCCC3)C4CCCCC4)C(C(C)C)=CC(C(C)C)=C1)C,CCCC#N,0.1,105,68.53
48,O=C([O-])C.[K+],CC(C)C1=CC(C(C)C)=C(C(C(C)C)=C1)C2=C(P(C3CCCCC3)C4CCCCC4)C(OC)=CC=C2OC,CCCCOC(C)=O,0.1,105,17.09
49,O=C([O-])C.[K+],CC(C)(C)P(C1=CC=CC=C1)C(C)(C)C,CCCCOC(C)=O,0.1,105,0
50,O=C([O-])C.[K+],CN(C)C1=CC=CC(N(C)C)=C1C2=CC=CC=C2P(C(C)(C)C)C3=CC=CC=C3,CCCCOC(C)=O,0.1,105,0
51,O=C([O-])C.[K+],P(C1CCCCC1)(C2CCCCC2)C3CCCCC3,CCCCOC(C)=O,0.1,105,0
52,O=C([O-])C.[K+],P(C1=CC=CC=C1)(C2=CC=CC=C2)C3=CC=CC=C3,CCCCOC(C)=O,0.1,105,3.41
53,O=C([O-])C.[K+],CC(C1=C(C2=CC=CC=C2P(C3CCCCC3)C4CCCCC4)C(C(C)C)=CC(C(C)C)=C1)C,CCCCOC(C)=O,0.1,105,64.62
54,O=C([O-])C(C)(C)C.[K+],CC(C)C1=CC(C(C)C)=C(C(C(C)C)=C1)C2=C(P(C3CCCCC3)C4CCCCC4)C(OC)=CC=C2OC,CCCCOC(C)=O,0.1,105,49.22
55,O=C([O-])C(C)(C)C.[K+],CC(C)(C)P(C1=CC=CC=C1)C(C)(C)C,CCCCOC(C)=O,0.1,105,0
56,O=C([O-])C(C)(C)C.[K+],CN(C)C1=CC=CC(N(C)C)=C1C2=CC=CC=C2P(C(C)(C)C)C3=CC=CC=C3,CCCCOC(C)=O,0.1,105,22.75
57,O=C([O-])C(C)(C)C.[K+],P(C1CCCCC1)(C2CCCCC2)C3CCCCC3,CCCCOC(C)=O,0.1,105,0
58,O=C([O-])C(C)(C)C.[K+],P(C1=CC=CC=C1)(C2=CC=CC=C2)C3=CC=CC=C3,CCCCOC(C)=O,0.1,105,1.92
59,O=C([O-])C(C)(C)C.[K+],CC(C1=C(C2=CC=CC=C2P(C3CCCCC3)C4CCCCC4)C(C(C)C)=CC(C(C)C)=C1)C,CCCCOC(C)=O,0.1,105,48.25
60,O=C([O-])C.[Cs+],CC(C)C1=CC(C(C)C)=C(C(C(C)C)=C1)C2=C(P(C3CCCCC3)C4CCCCC4)C(OC)=CC=C2OC,CCCCOC(C)=O,0.1,105,26.64
61,O=C([O-])C.[Cs+],CC(C)(C)P(C1=CC=CC=C1)C(C)(C)C,CCCCOC(C)=O,0.1,105,0
62,O=C([O-])C.[Cs+],CN(C)C1=CC=CC(N(C)C)=C1C2=CC=CC=C2P(C(C)(C)C)C3=CC=CC=C3,CCCCOC(C)=O,0.1,105,0
63,O=C([O-])C.[Cs+],P(C1CCCCC1)(C2CCCCC2)C3CCCCC3,CCCCOC(C)=O,0.1,105,0
64,O=C([O-])C.[Cs+],P(C1=CC=CC=C1)(C2=CC=CC=C2)C3=CC=CC=C3,CCCCOC(C)=O,0.1,105,4.22
65,O=C([O-])C.[Cs+],CC(C1=C(C2=CC=CC=C2P(C3CCCCC3)C4CCCCC4)C(C(C)C)=CC(C(C)C)=C1)C,CCCCOC(C)=O,0.1,105,86.43
66,O=C([O-])C(C)(C)C.[Cs+],CC(C)C1=CC(C(C)C)=C(C(C(C)C)=C1)C2=C(P(C3CCCCC3)C4CCCCC4)C(OC)=CC=C2OC,CCCCOC(C)=O,0.1,105,27.48
67,O=C([O-])C(C)(C)C.[Cs+],CC(C)(C)P(C1=CC=CC=C1)C(C)(C)C,CCCCOC(C)=O,0.1,105,0
68,O=C([O-])C(C)(C)C.[Cs+],CN(C)C1=CC=CC(N(C)C)=C1C2=CC=CC=C2P(C(C)(C)C)C3=CC=CC=C3,CCCCOC(C)=O,0.1,105,15.16
69,O=C([O-])C(C)(C)C.[Cs+],P(C1CCCCC1)(C2CCCCC2)C3CCCCC3,CCCCOC(C)=O,0.1,105,0
70,O=C([O-])C(C)(C)C.[Cs+],P(C1=CC=CC=C1)(C2=CC=CC=C2)C3=CC=CC=C3,CCCCOC(C)=O,0.1,105,0.91
71,O=C([O-])C(C)(C)C.[Cs+],CC(C1=C(C2=CC=CC=C2P(C3CCCCC3)C4CCCCC4)C(C(C)C)=CC(C(C)C)=C1)C,CCCCOC(C)=O,0.1,105,59.92
72,O=C([O-])C.[K+],CC(C)C1=CC(C(C)C)=C(C(C(C)C)=C1)C2=C(P(C3CCCCC3)C4CCCCC4)C(OC)=CC=C2OC,CC1=CC=C(C)C=C1,0.1,105,16.44
73,O=C([O-])C.[K+],CC(C)(C)P(C1=CC=CC=C1)C(C)(C)C,CC1=CC=C(C)C=C1,0.1,105,0
74,O=C([O-])C.[K+],CN(C)C1=CC=CC(N(C)C)=C1C2=CC=CC=C2P(C(C)(C)C)C3=CC=CC=C3,CC1=CC=C(C)C=C1,0.1,105,6.39
75,O=C([O-])C.[K+],P(C1CCCCC1)(C2CCCCC2)C3CCCCC3,CC1=CC=C(C)C=C1,0.1,105,0
76,O=C([O-])C.[K+],P(C1=CC=CC=C1)(C2=CC=CC=C2)C3=CC=CC=C3,CC1=CC=C(C)C=C1,0.1,105,2.06
77,O=C([O-])C.[K+],CC(C1=C(C2=CC=CC=C2P(C3CCCCC3)C4CCCCC4)C(C(C)C)=CC(C(C)C)=C1)C,CC1=CC=C(C)C=C1,0.1,105,43.76
78,O=C([O-])C(C)(C)C.[K+],CC(C)C1=CC(C(C)C)=C(C(C(C)C)=C1)C2=C(P(C3CCCCC3)C4CCCCC4)C(OC)=CC=C2OC,CC1=CC=C(C)C=C1,0.1,105,29.17
79,O=C([O-])C(C)(C)C.[K+],CC(C)(C)P(C1=CC=CC=C1)C(C)(C)C,CC1=CC=C(C)C=C1,0.1,105,0
80,O=C([O-])C(C)(C)C.[K+],CN(C)C1=CC=CC(N(C)C)=C1C2=CC=CC=C2P(C(C)(C)C)C3=CC=CC=C3,CC1=CC=C(C)C=C1,0.1,105,14.92
81,O=C([O-])C(C)(C)C.[K+],P(C1CCCCC1)(C2CCCCC2)C3CCCCC3,CC1=CC=C(C)C=C1,0.1,105,0
82,O=C([O-])C(C)(C)C.[K+],P(C1=CC=CC=C1)(C2=CC=CC=C2)C3=CC=CC=C3,CC1=CC=C(C)C=C1,0.1,105,1.41
83,O=C([O-])C(C)(C)C.[K+],CC(C1=C(C2=CC=CC=C2P(C3CCCCC3)C4CCCCC4)C(C(C)C)=CC(C(C)C)=C1)C,CC1=CC=C(C)C=C1,0.1,105,35.07
84,O=C([O-])C.[Cs+],CC(C)C1=CC(C(C)C)=C(C(C(C)C)=C1)C2=C(P(C3CCCCC3)C4CCCCC4)C(OC)=CC=C2OC,CC1=CC=C(C)C=C1,0.1,105,40.03
85,O=C([O-])C.[Cs+],CC(C)(C)P(C1=CC=CC=C1)C(C)(C)C,CC1=CC=C(C)C=C1,0.1,105,0
86,O=C([O-])C.[Cs+],CN(C)C1=CC=CC(N(C)C)=C1C2=CC=CC=C2P(C(C)(C)C)C3=CC=CC=C3,CC1=CC=C(C)C=C1,0.1,105,19.51
87,O=C([O-])C.[Cs+],P(C1CCCCC1)(C2CCCCC2)C3CCCCC3,CC1=CC=C(C)C=C1,0.1,105,0.55
88,O=C([O-])C.[Cs+],P(C1=CC=CC=C1)(C2=CC=CC=C2)C3=CC=CC=C3,CC1=CC=C(C)C=C1,0.1,105,10.5
89,O=C([O-])C.[Cs+],CC(C1=C(C2=CC=CC=C2P(C3CCCCC3)C4CCCCC4)C(C(C)C)=CC(C(C)C)=C1)C,CC1=CC=C(C)C=C1,0.1,105,67.17
90,O=C([O-])C(C)(C)C.[Cs+],CC(C)C1=CC(C(C)C)=C(C(C(C)C)=C1)C2=C(P(C3CCCCC3)C4CCCCC4)C(OC)=CC=C2OC,CC1=CC=C(C)C=C1,0.1,105,21.54
91,O=C([O-])C(C)(C)C.[Cs+],CC(C)(C)P(C1=CC=CC=C1)C(C)(C)C,CC1=CC=C(C)C=C1,0.1,105,0
92,O=C([O-])C(C)(C)C.[Cs+],CN(C)C1=CC=CC(N(C)C)=C1C2=CC=CC=C2P(C(C)(C)C)C3=CC=CC=C3,CC1=CC=C(C)C=C1,0.1,105,28.65
93,O=C([O-])C(C)(C)C.[Cs+],P(C1CCCCC1)(C2CCCCC2)C3CCCCC3,CC1=CC=C(C)C=C1,0.1,105,0
94,O=C([O-])C(C)(C)C.[Cs+],P(C1=CC=CC=C1)(C2=CC=CC=C2)C3=CC=CC=C3,CC1=CC=C(C)C=C1,0.1,105,0.66
95,O=C([O-])C(C)(C)C.[Cs+],CC(C1=C(C2=CC=CC=C2P(C3CCCCC3)C4CCCCC4)C(C(C)C)=CC(C(C)C)=C1)C,CC1=CC=C(C)C=C1,0.1,105,53.63
96,O=C([O-])C.[K+],CC(C)C1=CC(C(C)C)=C(C(C(C)C)=C1)C2=C(P(C3CCCCC3)C4CCCCC4)C(OC)=CC=C2OC,CC(N(C)C)=O,0.1,90,5.22
97,O=C([O-])C.[K+],CC(C)(C)P(C1=CC=CC=C1)C(C)(C)C,CC(N(C)C)=O,0.1,90,0
98,O=C([O-])C.[K+],CN(C)C1=CC=CC(N(C)C)=C1C2=CC=CC=C2P(C(C)(C)C)C3=CC=CC=C3,CC(N(C)C)=O,0.1,90,47.03
99,O=C([O-])C.[K+],P(C1CCCCC1)(C2CCCCC2)C3CCCCC3,CC(N(C)C)=O,0.1,90,1.71
100,O=C([O-])C.[K+],P(C1=CC=CC=C1)(C2=CC=CC=C2)C3=CC=CC=C3,CC(N(C)C)=O,0.1,90,14.29
101,O=C([O-])C.[K+],CC(C1=C(C2=CC=CC=C2P(C3CCCCC3)C4CCCCC4)C(C(C)C)=CC(C(C)C)=C1)C,CC(N(C)C)=O,0.1,90,38.03
102,O=C([O-])C(C)(C)C.[K+],CC(C)C1=CC(C(C)C)=C(C(C(C)C)=C1)C2=C(P(C3CCCCC3)C4CCCCC4)C(OC)=CC=C2OC,CC(N(C)C)=O,0.1,90,0
103,O=C([O-])C(C)(C)C.[K+],CC(C)(C)P(C1=CC=CC=C1)C(C)(C)C,CC(N(C)C)=O,0.1,90,0
104,O=C([O-])C(C)(C)C.[K+],CN(C)C1=CC=CC(N(C)C)=C1C2=CC=CC=C2P(C(C)(C)C)C3=CC=CC=C3,CC(N(C)C)=O,0.1,90,10.12
105,O=C([O-])C(C)(C)C.[K+],P(C1CCCCC1)(C2CCCCC2)C3CCCCC3,CC(N(C)C)=O,0.1,90,3.01
106,O=C([O-])C(C)(C)C.[K+],P(C1=CC=CC=C1)(C2=CC=CC=C2)C3=CC=CC=C3,CC(N(C)C)=O,0.1,90,38.78
107,O=C([O-])C(C)(C)C.[K+],CC(C1=C(C2=CC=CC=C2P(C3CCCCC3)C4CCCCC4)C(C(C)C)=CC(C(C)C)=C1)C,CC(N(C)C)=O,0.1,90,55.17
108,O=C([O-])C.[Cs+],CC(C)C1=CC(C(C)C)=C(C(C(C)C)=C1)C2=C(P(C3CCCCC3)C4CCCCC4)C(OC)=CC=C2OC,CC(N(C)C)=O,0.1,90,4.23
109,O=C([O-])C.[Cs+],CC(C)(C)P(C1=CC=CC=C1)C(C)(C)C,CC(N(C)C)=O,0.1,90,0
110,O=C([O-])C.[Cs+],CN(C)C1=CC=CC(N(C)C)=C1C2=CC=CC=C2P(C(C)(C)C)C3=CC=CC=C3,CC(N(C)C)=O,0.1,90,17.74
111,O=C([O-])C.[Cs+],P(C1CCCCC1)(C2CCCCC2)C3CCCCC3,CC(N(C)C)=O,0.1,90,4.02
112,O=C([O-])C.[Cs+],P(C1=CC=CC=C1)(C2=CC=CC=C2)C3=CC=CC=C3,CC(N(C)C)=O,0.1,90,32.36
113,O=C([O-])C.[Cs+],CC(C1=C(C2=CC=CC=C2P(C3CCCCC3)C4CCCCC4)C(C(C)C)=CC(C(C)C)=C1)C,CC(N(C)C)=O,0.1,90,84.17
114,O=C([O-])C(C)(C)C.[Cs+],CC(C)C1=CC(C(C)C)=C(C(C(C)C)=C1)C2=C(P(C3CCCCC3)C4CCCCC4)C(OC)=CC=C2OC,CC(N(C)C)=O,0.1,90,0
115,O=C([O-])C(C)(C)C.[Cs+],CC(C)(C)P(C1=CC=CC=C1)C(C)(C)C,CC(N(C)C)=O,0.1,90,0
116,O=C([O-])C(C)(C)C.[Cs+],CN(C)C1=CC=CC(N(C)C)=C1C2=CC=CC=C2P(C(C)(C)C)C3=CC=CC=C3,CC(N(C)C)=O,0.1,90,4.77
117,O=C([O-])C(C)(C)C.[Cs+],P(C1CCCCC1)(C2CCCCC2)C3CCCCC3,CC(N(C)C)=O,0.1,90,3.69
118,O=C([O-])C(C)(C)C.[Cs+],P(C1=CC=CC=C1)(C2=CC=CC=C2)C3=CC=CC=C3,CC(N(C)C)=O,0.1,90,33.59
119,O=C([O-])C(C)(C)C.[Cs+],CC(C1=C(C2=CC=CC=C2P(C3CCCCC3)C4CCCCC4)C(C(C)C)=CC(C(C)C)=C1)C,CC(N(C)C)=O,0.1,90,22.94
120,O=C([O-])C.[K+],CC(C)C1=CC(C(C)C)=C(C(C(C)C)=C1)C2=C(P(C3CCCCC3)C4CCCCC4)C(OC)=CC=C2OC,CCCC#N,0.1,90,9.66
121,O=C([O-])C.[K+],CC(C)(C)P(C1=CC=CC=C1)C(C)(C)C,CCCC#N,0.1,90,0
122,O=C([O-])C.[K+],CN(C)C1=CC=CC(N(C)C)=C1C2=CC=CC=C2P(C(C)(C)C)C3=CC=CC=C3,CCCC#N,0.1,90,4.61
123,O=C([O-])C.[K+],P(C1CCCCC1)(C2CCCCC2)C3CCCCC3,CCCC#N,0.1,90,0
124,O=C([O-])C.[K+],P(C1=CC=CC=C1)(C2=CC=CC=C2)C3=CC=CC=C3,CCCC#N,0.1,90,2.83
125,O=C([O-])C.[K+],CC(C1=C(C2=CC=CC=C2P(C3CCCCC3)C4CCCCC4)C(C(C)C)=CC(C(C)C)=C1)C,CCCC#N,0.1,90,26.5
126,O=C([O-])C(C)(C)C.[K+],CC(C)C1=CC(C(C)C)=C(C(C(C)C)=C1)C2=C(P(C3CCCCC3)C4CCCCC4)C(OC)=CC=C2OC,CCCC#N,0.1,90,39.5
127,O=C([O-])C(C)(C)C.[K+],CC(C)(C)P(C1=CC=CC=C1)C(C)(C)C,CCCC#N,0.1,90,0.95
128,O=C([O-])C(C)(C)C.[K+],CN(C)C1=CC=CC(N(C)C)=C1C2=CC=CC=C2P(C(C)(C)C)C3=CC=CC=C3,CCCC#N,0.1,90,6.69
129,O=C([O-])C(C)(C)C.[K+],P(C1CCCCC1)(C2CCCCC2)C3CCCCC3,CCCC#N,0.1,90,0
130,O=C([O-])C(C)(C)C.[K+],P(C1=CC=CC=C1)(C2=CC=CC=C2)C3=CC=CC=C3,CCCC#N,0.1,90,2.48
131,O=C([O-])C(C)(C)C.[K+],CC(C1=C(C2=CC=CC=C2P(C3CCCCC3)C4CCCCC4)C(C(C)C)=CC(C(C)C)=C1)C,CCCC#N,0.1,90,45.95
132,O=C([O-])C.[Cs+],CC(C)C1=CC(C(C)C)=C(C(C(C)C)=C1)C2=C(P(C3CCCCC3)C4CCCCC4)C(OC)=CC=C2OC,CCCC#N,0.1,90,48.21
133,O=C([O-])C.[Cs+],CC(C)(C)P(C1=CC=CC=C1)C(C)(C)C,CCCC#N,0.1,90,0
134,O=C([O-])C.[Cs+],CN(C)C1=CC=CC(N(C)C)=C1C2=CC=CC=C2P(C(C)(C)C)C3=CC=CC=C3,CCCC#N,0.1,90,6.27
135,O=C([O-])C.[Cs+],P(C1CCCCC1)(C2CCCCC2)C3CCCCC3,CCCC#N,0.1,90,0
136,O=C([O-])C.[Cs+],P(C1=CC=CC=C1)(C2=CC=CC=C2)C3=CC=CC=C3,CCCC#N,0.1,90,5.8
137,O=C([O-])C.[Cs+],CC(C1=C(C2=CC=CC=C2P(C3CCCCC3)C4CCCCC4)C(C(C)C)=CC(C(C)C)=C1)C,CCCC#N,0.1,90,86.37
138,O=C([O-])C(C)(C)C.[Cs+],CC(C)C1=CC(C(C)C)=C(C(C(C)C)=C1)C2=C(P(C3CCCCC3)C4CCCCC4)C(OC)=CC=C2OC,CCCC#N,0.1,90,48.64
139,O=C([O-])C(C)(C)C.[Cs+],CC(C)(C)P(C1=CC=CC=C1)C(C)(C)C,CCCC#N,0.1,90,0
140,O=C([O-])C(C)(C)C.[Cs+],CN(C)C1=CC=CC(N(C)C)=C1C2=CC=CC=C2P(C(C)(C)C)C3=CC=CC=C3,CCCC#N,0.1,90,5.29
141,O=C([O-])C(C)(C)C.[Cs+],P(C1CCCCC1)(C2CCCCC2)C3CCCCC3,CCCC#N,0.1,90,0
142,O=C([O-])C(C)(C)C.[Cs+],P(C1=CC=CC=C1)(C2=CC=CC=C2)C3=CC=CC=C3,CCCC#N,0.1,90,1.9
143,O=C([O-])C(C)(C)C.[Cs+],CC(C1=C(C2=CC=CC=C2P(C3CCCCC3)C4CCCCC4)C(C(C)C)=CC(C(C)C)=C1)C,CCCC#N,0.1,90,69.11
144,O=C([O-])C.[K+],CC(C)C1=CC(C(C)C)=C(C(C(C)C)=C1)C2=C(P(C3CCCCC3)C4CCCCC4)C(OC)=CC=C2OC,CCCCOC(C)=O,0.1,90,20.73
145,O=C([O-])C.[K+],CC(C)(C)P(C1=CC=CC=C1)C(C)(C)C,CCCCOC(C)=O,0.1,90,0
146,O=C([O-])C.[K+],CN(C)C1=CC=CC(N(C)C)=C1C2=CC=CC=C2P(C(C)(C)C)C3=CC=CC=C3,CCCCOC(C)=O,0.1,90,0
147,O=C([O-])C.[K+],P(C1CCCCC1)(C2CCCCC2)C3CCCCC3,CCCCOC(C)=O,0.1,90,0
148,O=C([O-])C.[K+],P(C1=CC=CC=C1)(C2=CC=CC=C2)C3=CC=CC=C3,CCCCOC(C)=O,0.1,90,1.19
149,O=C([O-])C.[K+],CC(C1=C(C2=CC=CC=C2P(C3CCCCC3)C4CCCCC4)C(C(C)C)=CC(C(C)C)=C1)C,CCCCOC(C)=O,0.1,90,28.11
150,O=C([O-])C(C)(C)C.[K+],CC(C)C1=CC(C(C)C)=C(C(C(C)C)=C1)C2=C(P(C3CCCCC3)C4CCCCC4)C(OC)=CC=C2OC,CCCCOC(C)=O,0.1,90,30.95
151,O=C([O-])C(C)(C)C.[K+],CC(C)(C)P(C1=CC=CC=C1)C(C)(C)C,CCCCOC(C)=O,0.1,90,0
152,O=C([O-])C(C)(C)C.[K+],CN(C)C1=CC=CC(N(C)C)=C1C2=CC=CC=C2P(C(C)(C)C)C3=CC=CC=C3,CCCCOC(C)=O,0.1,90,0
153,O=C([O-])C(C)(C)C.[K+],P(C1CCCCC1)(C2CCCCC2)C3CCCCC3,CCCCOC(C)=O,0.1,90,0
154,O=C([O-])C(C)(C)C.[K+],P(C1=CC=CC=C1)(C2=CC=CC=C2)C3=CC=CC=C3,CCCCOC(C)=O,0.1,90,0.65
155,O=C([O-])C(C)(C)C.[K+],CC(C1=C(C2=CC=CC=C2P(C3CCCCC3)C4CCCCC4)C(C(C)C)=CC(C(C)C)=C1)C,CCCCOC(C)=O,0.1,90,42.3
156,O=C([O-])C.[Cs+],CC(C)C1=CC(C(C)C)=C(C(C(C)C)=C1)C2=C(P(C3CCCCC3)C4CCCCC4)C(OC)=CC=C2OC,CCCCOC(C)=O,0.1,90,29.21
157,O=C([O-])C.[Cs+],CC(C)(C)P(C1=CC=CC=C1)C(C)(C)C,CCCCOC(C)=O,0.1,90,0
158,O=C([O-])C.[Cs+],CN(C)C1=CC=CC(N(C)C)=C1C2=CC=CC=C2P(C(C)(C)C)C3=CC=CC=C3,CCCCOC(C)=O,0.1,90,0
159,O=C([O-])C.[Cs+],P(C1CCCCC1)(C2CCCCC2)C3CCCCC3,CCCCOC(C)=O,0.1,90,0
160,O=C([O-])C.[Cs+],P(C1=CC=CC=C1)(C2=CC=CC=C2)C3=CC=CC=C3,CCCCOC(C)=O,0.1,90,1.9
161,O=C([O-])C.[Cs+],CC(C1=C(C2=CC=CC=C2P(C3CCCCC3)C4CCCCC4)C(C(C)C)=CC(C(C)C)=C1)C,CCCCOC(C)=O,0.1,90,85.24
162,O=C([O-])C(C)(C)C.[Cs+],CC(C)C1=CC(C(C)C)=C(C(C(C)C)=C1)C2=C(P(C3CCCCC3)C4CCCCC4)C(OC)=CC=C2OC,CCCCOC(C)=O,0.1,90,23.75
163,O=C([O-])C(C)(C)C.[Cs+],CC(C)(C)P(C1=CC=CC=C1)C(C)(C)C,CCCCOC(C)=O,0.1,90,0
164,O=C([O-])C(C)(C)C.[Cs+],CN(C)C1=CC=CC(N(C)C)=C1C2=CC=CC=C2P(C(C)(C)C)C3=CC=CC=C3,CCCCOC(C)=O,0.1,90,0
165,O=C([O-])C(C)(C)C.[Cs+],P(C1CCCCC1)(C2CCCCC2)C3CCCCC3,CCCCOC(C)=O,0.1,90,0
166,O=C([O-])C(C)(C)C.[Cs+],P(C1=CC=CC=C1)(C2=CC=CC=C2)C3=CC=CC=C3,CCCCOC(C)=O,0.1,90,0.26
167,O=C([O-])C(C)(C)C.[Cs+],CC(C1=C(C2=CC=CC=C2P(C3CCCCC3)C4CCCCC4)C(C(C)C)=CC(C(C)C)=C1)C,CCCCOC(C)=O,0.1,90,3
168,O=C([O-])C.[K+],CC(C)C1=CC(C(C)C)=C(C(C(C)C)=C1)C2=C(P(C3CCCCC3)C4CCCCC4)C(OC)=CC=C2OC,CC1=CC=C(C)C=C1,0.1,90,17.92
169,O=C([O-])C.[K+],CC(C)(C)P(C1=CC=CC=C1)C(C)(C)C,CC1=CC=C(C)C=C1,0.1,90,0
170,O=C([O-])C.[K+],CN(C)C1=CC=CC(N(C)C)=C1C2=CC=CC=C2P(C(C)(C)C)C3=CC=CC=C3,CC1=CC=C(C)C=C1,0.1,90,7.34
171,O=C([O-])C.[K+],P(C1CCCCC1)(C2CCCCC2)C3CCCCC3,CC1=CC=C(C)C=C1,0.1,90,0
172,O=C([O-])C.[K+],P(C1=CC=CC=C1)(C2=CC=CC=C2)C3=CC=CC=C3,CC1=CC=C(C)C=C1,0.1,90,0.55
173,O=C([O-])C.[K+],CC(C1=C(C2=CC=CC=C2P(C3CCCCC3)C4CCCCC4)C(C(C)C)=CC(C(C)C)=C1)C,CC1=CC=C(C)C=C1,0.1,90,25.5
174,O=C([O-])C(C)(C)C.[K+],CC(C)C1=CC(C(C)C)=C(C(C(C)C)=C1)C2=C(P(C3CCCCC3)C4CCCCC4)C(OC)=CC=C2OC,CC1=CC=C(C)C=C1,0.1,90,38.12
175,O=C([O-])C(C)(C)C.[K+],CC(C)(C)P(C1=CC=CC=C1)C(C)(C)C,CC1=CC=C(C)C=C1,0.1,90,0
176,O=C([O-])C(C)(C)C.[K+],CN(C)C1=CC=CC(N(C)C)=C1C2=CC=CC=C2P(C(C)(C)C)C3=CC=CC=C3,CC1=CC=C(C)C=C1,0.1,90,23.22
177,O=C([O-])C(C)(C)C.[K+],P(C1CCCCC1)(C2CCCCC2)C3CCCCC3,CC1=CC=C(C)C=C1,0.1,90,0
178,O=C([O-])C(C)(C)C.[K+],P(C1=CC=CC=C1)(C2=CC=CC=C2)C3=CC=CC=C3,CC1=CC=C(C)C=C1,0.1,90,0.32
179,O=C([O-])C(C)(C)C.[K+],CC(C1=C(C2=CC=CC=C2P(C3CCCCC3)C4CCCCC4)C(C(C)C)=CC(C(C)C)=C1)C,CC1=CC=C(C)C=C1,0.1,90,26.33
180,O=C([O-])C.[Cs+],CC(C)C1=CC(C(C)C)=C(C(C(C)C)=C1)C2=C(P(C3CCCCC3)C4CCCCC4)C(OC)=CC=C2OC,CC1=CC=C(C)C=C1,0.1,90,42.45
181,O=C([O-])C.[Cs+],CC(C)(C)P(C1=CC=CC=C1)C(C)(C)C,CC1=CC=C(C)C=C1,0.1,90,0
182,O=C([O-])C.[Cs+],CN(C)C1=CC=CC(N(C)C)=C1C2=CC=CC=C2P(C(C)(C)C)C3=CC=CC=C3,CC1=CC=C(C)C=C1,0.1,90,20.04
183,O=C([O-])C.[Cs+],P(C1CCCCC1)(C2CCCCC2)C3CCCCC3,CC1=CC=C(C)C=C1,0.1,90,0
184,O=C([O-])C.[Cs+],P(C1=CC=CC=C1)(C2=CC=CC=C2)C3=CC=CC=C3,CC1=CC=C(C)C=C1,0.1,90,5.91
185,O=C([O-])C.[Cs+],CC(C1=C(C2=CC=CC=C2P(C3CCCCC3)C4CCCCC4)C(C(C)C)=CC(C(C)C)=C1)C,CC1=CC=C(C)C=C1,0.1,90,59.27
186,O=C([O-])C(C)(C)C.[Cs+],CC(C)C1=CC(C(C)C)=C(C(C(C)C)=C1)C2=C(P(C3CCCCC3)C4CCCCC4)C(OC)=CC=C2OC,CC1=CC=C(C)C=C1,0.1,90,19.39
187,O=C([O-])C(C)(C)C.[Cs+],CC(C)(C)P(C1=CC=CC=C1)C(C)(C)C,CC1=CC=C(C)C=C1,0.1,90,0
188,O=C([O-])C(C)(C)C.[Cs+],CN(C)C1=CC=CC(N(C)C)=C1C2=CC=CC=C2P(C(C)(C)C)C3=CC=CC=C3,CC1=CC=C(C)C=C1,0.1,90,31.97
189,O=C([O-])C(C)(C)C.[Cs+],P(C1CCCCC1)(C2CCCCC2)C3CCCCC3,CC1=CC=C(C)C=C1,0.1,90,0
190,O=C([O-])C(C)(C)C.[Cs+],P(C1=CC=CC=C1)(C2=CC=CC=C2)C3=CC=CC=C3,CC1=CC=C(C)C=C1,0.1,90,0
191,O=C([O-])C(C)(C)C.[Cs+],CC(C1=C(C2=CC=CC=C2P(C3CCCCC3)C4CCCCC4)C(C(C)C)=CC(C(C)C)=C1)C,CC1=CC=C(C)C=C1,0.1,90,36.98
192,O=C([O-])C.[K+],CC(C)C1=CC(C(C)C)=C(C(C(C)C)=C1)C2=C(P(C3CCCCC3)C4CCCCC4)C(OC)=CC=C2OC,CC(N(C)C)=O,0.1,120,5.03
193,O=C([O-])C.[K+],CC(C)(C)P(C1=CC=CC=C1)C(C)(C)C,CC(N(C)C)=O,0.1,120,7.71
194,O=C([O-])C.[K+],CN(C)C1=CC=CC(N(C)C)=C1C2=CC=CC=C2P(C(C)(C)C)C3=CC=CC=C3,CC(N(C)C)=O,0.1,120,82.09
195,O=C([O-])C.[K+],P(C1CCCCC1)(C2CCCCC2)C3CCCCC3,CC(N(C)C)=O,0.1,120,24.56
196,O=C([O-])C.[K+],P(C1=CC=CC=C1)(C2=CC=CC=C2)C3=CC=CC=C3,CC(N(C)C)=O,0.1,120,74.04
197,O=C([O-])C.[K+],CC(C1=C(C2=CC=CC=C2P(C3CCCCC3)C4CCCCC4)C(C(C)C)=CC(C(C)C)=C1)C,CC(N(C)C)=O,0.1,120,88.41
198,O=C([O-])C(C)(C)C.[K+],CC(C)C1=CC(C(C)C)=C(C(C(C)C)=C1)C2=C(P(C3CCCCC3)C4CCCCC4)C(OC)=CC=C2OC,CC(N(C)C)=O,0.1,120,0.26
199,O=C([O-])C(C)(C)C.[K+],CC(C)(C)P(C1=CC=CC=C1)C(C)(C)C,CC(N(C)C)=O,0.1,120,28.53
200,O=C([O-])C(C)(C)C.[K+],CN(C)C1=CC=CC(N(C)C)=C1C2=CC=CC=C2P(C(C)(C)C)C3=CC=CC=C3,CC(N(C)C)=O,0.1,120,68.33
201,O=C([O-])C(C)(C)C.[K+],P(C1CCCCC1)(C2CCCCC2)C3CCCCC3,CC(N(C)C)=O,0.1,120,47.58
202,O=C([O-])C(C)(C)C.[K+],P(C1=CC=CC=C1)(C2=CC=CC=C2)C3=CC=CC=C3,CC(N(C)C)=O,0.1,120,86.46
203,O=C([O-])C(C)(C)C.[K+],CC(C1=C(C2=CC=CC=C2P(C3CCCCC3)C4CCCCC4)C(C(C)C)=CC(C(C)C)=C1)C,CC(N(C)C)=O,0.1,120,80.61
204,O=C([O-])C.[Cs+],CC(C)C1=CC(C(C)C)=C(C(C(C)C)=C1)C2=C(P(C3CCCCC3)C4CCCCC4)C(OC)=CC=C2OC,CC(N(C)C)=O,0.1,120,4.08
205,O=C([O-])C.[Cs+],CC(C)(C)P(C1=CC=CC=C1)C(C)(C)C,CC(N(C)C)=O,0.1,120,12.35
206,O=C([O-])C.[Cs+],CN(C)C1=CC=CC(N(C)C)=C1C2=CC=CC=C2P(C(C)(C)C)C3=CC=CC=C3,CC(N(C)C)=O,0.1,120,62.6
207,O=C([O-])C.[Cs+],P(C1CCCCC1)(C2CCCCC2)C3CCCCC3,CC(N(C)C)=O,0.1,120,44.53
208,O=C([O-])C.[Cs+],P(C1=CC=CC=C1)(C2=CC=CC=C2)C3=CC=CC=C3,CC(N(C)C)=O,0.1,120,87.32
209,O=C([O-])C.[Cs+],CC(C1=C(C2=CC=CC=C2P(C3CCCCC3)C4CCCCC4)C(C(C)C)=CC(C(C)C)=C1)C,CC(N(C)C)=O,0.1,120,84.81
210,O=C([O-])C(C)(C)C.[Cs+],CC(C)C1=CC(C(C)C)=C(C(C(C)C)=C1)C2=C(P(C3CCCCC3)C4CCCCC4)C(OC)=CC=C2OC,CC(N(C)C)=O,0.1,120,0
211,O=C([O-])C(C)(C)C.[Cs+],CC(C)(C)P(C1=CC=CC=C1)C(C)(C)C,CC(N(C)C)=O,0.1,120,1.31
212,O=C([O-])C(C)(C)C.[Cs+],CN(C)C1=CC=CC(N(C)C)=C1C2=CC=CC=C2P(C(C)(C)C)C3=CC=CC=C3,CC(N(C)C)=O,0.1,120,17.43
213,O=C([O-])C(C)(C)C.[Cs+],P(C1CCCCC1)(C2CCCCC2)C3CCCCC3,CC(N(C)C)=O,0.1,120,27.93
214,O=C([O-])C(C)(C)C.[Cs+],P(C1=CC=CC=C1)(C2=CC=CC=C2)C3=CC=CC=C3,CC(N(C)C)=O,0.1,120,76.33
215,O=C([O-])C(C)(C)C.[Cs+],CC(C1=C(C2=CC=CC=C2P(C3CCCCC3)C4CCCCC4)C(C(C)C)=CC(C(C)C)=C1)C,CC(N(C)C)=O,0.1,120,48.15
216,O=C([O-])C.[K+],CC(C)C1=CC(C(C)C)=C(C(C(C)C)=C1)C2=C(P(C3CCCCC3)C4CCCCC4)C(OC)=CC=C2OC,CCCC#N,0.1,120,29.25
217,O=C([O-])C.[K+],CC(C)(C)P(C1=CC=CC=C1)C(C)(C)C,CCCC#N,0.1,120,0
218,O=C([O-])C.[K+],CN(C)C1=CC=CC(N(C)C)=C1C2=CC=CC=C2P(C(C)(C)C)C3=CC=CC=C3,CCCC#N,0.1,120,8.4
219,O=C([O-])C.[K+],P(C1CCCCC1)(C2CCCCC2)C3CCCCC3,CCCC#N,0.1,120,1.96
220,O=C([O-])C.[K+],P(C1=CC=CC=C1)(C2=CC=CC=C2)C3=CC=CC=C3,CCCC#N,0.1,120,12.65
221,O=C([O-])C.[K+],CC(C1=C(C2=CC=CC=C2P(C3CCCCC3)C4CCCCC4)C(C(C)C)=CC(C(C)C)=C1)C,CCCC#N,0.1,120,56.57
222,O=C([O-])C(C)(C)C.[K+],CC(C)C1=CC(C(C)C)=C(C(C(C)C)=C1)C2=C(P(C3CCCCC3)C4CCCCC4)C(OC)=CC=C2OC,CCCC#N,0.1,120,50.79
223,O=C([O-])C(C)(C)C.[K+],CC(C)(C)P(C1=CC=CC=C1)C(C)(C)C,CCCC#N,0.1,120,0
224,O=C([O-])C(C)(C)C.[K+],CN(C)C1=CC=CC(N(C)C)=C1C2=CC=CC=C2P(C(C)(C)C)C3=CC=CC=C3,CCCC#N,0.1,120,6.44
225,O=C([O-])C(C)(C)C.[K+],P(C1CCCCC1)(C2CCCCC2)C3CCCCC3,CCCC#N,0.1,120,3.28
226,O=C([O-])C(C)(C)C.[K+],P(C1=CC=CC=C1)(C2=CC=CC=C2)C3=CC=CC=C3,CCCC#N,0.1,120,9.59
227,O=C([O-])C(C)(C)C.[K+],CC(C1=C(C2=CC=CC=C2P(C3CCCCC3)C4CCCCC4)C(C(C)C)=CC(C(C)C)=C1)C,CCCC#N,0.1,120,50.93
228,O=C([O-])C.[Cs+],CC(C)C1=CC(C(C)C)=C(C(C(C)C)=C1)C2=C(P(C3CCCCC3)C4CCCCC4)C(OC)=CC=C2OC,CCCC#N,0.1,120,69.13
229,O=C([O-])C.[Cs+],CC(C)(C)P(C1=CC=CC=C1)C(C)(C)C,CCCC#N,0.1,120,0
230,O=C([O-])C.[Cs+],CN(C)C1=CC=CC(N(C)C)=C1C2=CC=CC=C2P(C(C)(C)C)C3=CC=CC=C3,CCCC#N,0.1,120,7.69
231,O=C([O-])C.[Cs+],P(C1CCCCC1)(C2CCCCC2)C3CCCCC3,CCCC#N,0.1,120,3.8
232,O=C([O-])C.[Cs+],P(C1=CC=CC=C1)(C2=CC=CC=C2)C3=CC=CC=C3,CCCC#N,0.1,120,13.09
233,O=C([O-])C.[Cs+],CC(C1=C(C2=CC=CC=C2P(C3CCCCC3)C4CCCCC4)C(C(C)C)=CC(C(C)C)=C1)C,CCCC#N,0.1,120,84.17
234,O=C([O-])C(C)(C)C.[Cs+],CC(C)C1=CC(C(C)C)=C(C(C(C)C)=C1)C2=C(P(C3CCCCC3)C4CCCCC4)C(OC)=CC=C2OC,CCCC#N,0.1,120,46.53
235,O=C([O-])C(C)(C)C.[Cs+],CC(C)(C)P(C1=CC=CC=C1)C(C)(C)C,CCCC#N,0.1,120,0
236,O=C([O-])C(C)(C)C.[Cs+],CN(C)C1=CC=CC(N(C)C)=C1C2=CC=CC=C2P(C(C)(C)C)C3=CC=CC=C3,CCCC#N,0.1,120,5.3
237,O=C([O-])C(C)(C)C.[Cs+],P(C1CCCCC1)(C2CCCCC2)C3CCCCC3,CCCC#N,0.1,120,3.1
238,O=C([O-])C(C)(C)C.[Cs+],P(C1=CC=CC=C1)(C2=CC=CC=C2)C3=CC=CC=C3,CCCC#N,0.1,120,7.36
239,O=C([O-])C(C)(C)C.[Cs+],CC(C1=C(C2=CC=CC=C2P(C3CCCCC3)C4CCCCC4)C(C(C)C)=CC(C(C)C)=C1)C,CCCC#N,0.1,120,59.81
240,O=C([O-])C.[K+],CC(C)C1=CC(C(C)C)=C(C(C(C)C)=C1)C2=C(P(C3CCCCC3)C4CCCCC4)C(OC)=CC=C2OC,CCCCOC(C)=O,0.1,120,25.86
241,O=C([O-])C.[K+],CC(C)(C)P(C1=CC=CC=C1)C(C)(C)C,CCCCOC(C)=O,0.1,120,0
242,O=C([O-])C.[K+],CN(C)C1=CC=CC(N(C)C)=C1C2=CC=CC=C2P(C(C)(C)C)C3=CC=CC=C3,CCCCOC(C)=O,0.1,120,0
243,O=C([O-])C.[K+],P(C1CCCCC1)(C2CCCCC2)C3CCCCC3,CCCCOC(C)=O,0.1,120,0
244,O=C([O-])C.[K+],P(C1=CC=CC=C1)(C2=CC=CC=C2)C3=CC=CC=C3,CCCCOC(C)=O,0.1,120,7.89
245,O=C([O-])C.[K+],CC(C1=C(C2=CC=CC=C2P(C3CCCCC3)C4CCCCC4)C(C(C)C)=CC(C(C)C)=C1)C,CCCCOC(C)=O,0.1,120,73.71
246,O=C([O-])C(C)(C)C.[K+],CC(C)C1=CC(C(C)C)=C(C(C(C)C)=C1)C2=C(P(C3CCCCC3)C4CCCCC4)C(OC)=CC=C2OC,CCCCOC(C)=O,0.1,120,43.18
247,O=C([O-])C(C)(C)C.[K+],CC(C)(C)P(C1=CC=CC=C1)C(C)(C)C,CCCCOC(C)=O,0.1,120,0
248,O=C([O-])C(C)(C)C.[K+],CN(C)C1=CC=CC(N(C)C)=C1C2=CC=CC=C2P(C(C)(C)C)C3=CC=CC=C3,CCCCOC(C)=O,0.1,120,0
249,O=C([O-])C(C)(C)C.[K+],P(C1CCCCC1)(C2CCCCC2)C3CCCCC3,CCCCOC(C)=O,0.1,120,0
250,O=C([O-])C(C)(C)C.[K+],P(C1=CC=CC=C1)(C2=CC=CC=C2)C3=CC=CC=C3,CCCCOC(C)=O,0.1,120,4.23
251,O=C([O-])C(C)(C)C.[K+],CC(C1=C(C2=CC=CC=C2P(C3CCCCC3)C4CCCCC4)C(C(C)C)=CC(C(C)C)=C1)C,CCCCOC(C)=O,0.1,120,66.49
252,O=C([O-])C.[Cs+],CC(C)C1=CC(C(C)C)=C(C(C(C)C)=C1)C2=C(P(C3CCCCC3)C4CCCCC4)C(OC)=CC=C2OC,CCCCOC(C)=O,0.1,120,35.91
253,O=C([O-])C.[Cs+],CC(C)(C)P(C1=CC=CC=C1)C(C)(C)C,CCCCOC(C)=O,0.1,120,0
254,O=C([O-])C.[Cs+],CN(C)C1=CC=CC(N(C)C)=C1C2=CC=CC=C2P(C(C)(C)C)C3=CC=CC=C3,CCCCOC(C)=O,0.1,120,0
255,O=C([O-])C.[Cs+],P(C1CCCCC1)(C2CCCCC2)C3CCCCC3,CCCCOC(C)=O,0.1,120,0.03
256,O=C([O-])C.[Cs+],P(C1=CC=CC=C1)(C2=CC=CC=C2)C3=CC=CC=C3,CCCCOC(C)=O,0.1,120,4.94
257,O=C([O-])C.[Cs+],CC(C1=C(C2=CC=CC=C2P(C3CCCCC3)C4CCCCC4)C(C(C)C)=CC(C(C)C)=C1)C,CCCCOC(C)=O,0.1,120,2.79
258,O=C([O-])C(C)(C)C.[Cs+],CC(C)C1=CC(C(C)C)=C(C(C(C)C)=C1)C2=C(P(C3CCCCC3)C4CCCCC4)C(OC)=CC=C2OC,CCCCOC(C)=O,0.1,120,51.99
259,O=C([O-])C(C)(C)C.[Cs+],CC(C)(C)P(C1=CC=CC=C1)C(C)(C)C,CCCCOC(C)=O,0.1,120,0
260,O=C([O-])C(C)(C)C.[Cs+],CN(C)C1=CC=CC(N(C)C)=C1C2=CC=CC=C2P(C(C)(C)C)C3=CC=CC=C3,CCCCOC(C)=O,0.1,120,19.42
261,O=C([O-])C(C)(C)C.[Cs+],P(C1CCCCC1)(C2CCCCC2)C3CCCCC3,CCCCOC(C)=O,0.1,120,1.37
262,O=C([O-])C(C)(C)C.[Cs+],P(C1=CC=CC=C1)(C2=CC=CC=C2)C3=CC=CC=C3,CCCCOC(C)=O,0.1,120,2.49
263,O=C([O-])C(C)(C)C.[Cs+],CC(C1=C(C2=CC=CC=C2P(C3CCCCC3)C4CCCCC4)C(C(C)C)=CC(C(C)C)=C1)C,CCCCOC(C)=O,0.1,120,52.22
264,O=C([O-])C.[K+],CC(C)C1=CC(C(C)C)=C(C(C(C)C)=C1)C2=C(P(C3CCCCC3)C4CCCCC4)C(OC)=CC=C2OC,CC1=CC=C(C)C=C1,0.1,120,18.55
265,O=C([O-])C.[K+],CC(C)(C)P(C1=CC=CC=C1)C(C)(C)C,CC1=CC=C(C)C=C1,0.1,120,0
266,O=C([O-])C.[K+],CN(C)C1=CC=CC(N(C)C)=C1C2=CC=CC=C2P(C(C)(C)C)C3=CC=CC=C3,CC1=CC=C(C)C=C1,0.1,120,5.69
267,O=C([O-])C.[K+],P(C1CCCCC1)(C2CCCCC2)C3CCCCC3,CC1=CC=C(C)C=C1,0.1,120,0
268,O=C([O-])C.[K+],P(C1=CC=CC=C1)(C2=CC=CC=C2)C3=CC=CC=C3,CC1=CC=C(C)C=C1,0.1,120,5.94
269,O=C([O-])C.[K+],CC(C1=C(C2=CC=CC=C2P(C3CCCCC3)C4CCCCC4)C(C(C)C)=CC(C(C)C)=C1)C,CC1=CC=C(C)C=C1,0.1,120,67.04
270,O=C([O-])C(C)(C)C.[K+],CC(C)C1=CC(C(C)C)=C(C(C(C)C)=C1)C2=C(P(C3CCCCC3)C4CCCCC4)C(OC)=CC=C2OC,CC1=CC=C(C)C=C1,0.1,120,37.36
271,O=C([O-])C(C)(C)C.[K+],CC(C)(C)P(C1=CC=CC=C1)C(C)(C)C,CC1=CC=C(C)C=C1,0.1,120,0
272,O=C([O-])C(C)(C)C.[K+],CN(C)C1=CC=CC(N(C)C)=C1C2=CC=CC=C2P(C(C)(C)C)C3=CC=CC=C3,CC1=CC=C(C)C=C1,0.1,120,20.87
273,O=C([O-])C(C)(C)C.[K+],P(C1CCCCC1)(C2CCCCC2)C3CCCCC3,CC1=CC=C(C)C=C1,0.1,120,0
274,O=C([O-])C(C)(C)C.[K+],P(C1=CC=CC=C1)(C2=CC=CC=C2)C3=CC=CC=C3,CC1=CC=C(C)C=C1,0.1,120,4.48
275,O=C([O-])C(C)(C)C.[K+],CC(C1=C(C2=CC=CC=C2P(C3CCCCC3)C4CCCCC4)C(C(C)C)=CC(C(C)C)=C1)C,CC1=CC=C(C)C=C1,0.1,120,44.74
276,O=C([O-])C.[Cs+],CC(C)C1=CC(C(C)C)=C(C(C(C)C)=C1)C2=C(P(C3CCCCC3)C4CCCCC4)C(OC)=CC=C2OC,CC1=CC=C(C)C=C1,0.1,120,28.93
277,O=C([O-])C.[Cs+],CC(C)(C)P(C1=CC=CC=C1)C(C)(C)C,CC1=CC=C(C)C=C1,0.1,120,0
278,O=C([O-])C.[Cs+],CN(C)C1=CC=CC(N(C)C)=C1C2=CC=CC=C2P(C(C)(C)C)C3=CC=CC=C3,CC1=CC=C(C)C=C1,0.1,120,16.09
279,O=C([O-])C.[Cs+],P(C1CCCCC1)(C2CCCCC2)C3CCCCC3,CC1=CC=C(C)C=C1,0.1,120,2.98
280,O=C([O-])C.[Cs+],P(C1=CC=CC=C1)(C2=CC=CC=C2)C3=CC=CC=C3,CC1=CC=C(C)C=C1,0.1,120,16.64
281,O=C([O-])C.[Cs+],CC(C1=C(C2=CC=CC=C2P(C3CCCCC3)C4CCCCC4)C(C(C)C)=CC(C(C)C)=C1)C,CC1=CC=C(C)C=C1,0.1,120,67.17
282,O=C([O-])C(C)(C)C.[Cs+],CC(C)C1=CC(C(C)C)=C(C(C(C)C)=C1)C2=C(P(C3CCCCC3)C4CCCCC4)C(OC)=CC=C2OC,CC1=CC=C(C)C=C1,0.1,120,25.35
283,O=C([O-])C(C)(C)C.[Cs+],CC(C)(C)P(C1=CC=CC=C1)C(C)(C)C,CC1=CC=C(C)C=C1,0.1,120,0
284,O=C([O-])C(C)(C)C.[Cs+],CN(C)C1=CC=CC(N(C)C)=C1C2=CC=CC=C2P(C(C)(C)C)C3=CC=CC=C3,CC1=CC=C(C)C=C1,0.1,120,23.77
285,O=C([O-])C(C)(C)C.[Cs+],P(C1CCCCC1)(C2CCCCC2)C3CCCCC3,CC1=CC=C(C)C=C1,0.1,120,0.69
286,O=C([O-])C(C)(C)C.[Cs+],P(C1=CC=CC=C1)(C2=CC=CC=C2)C3=CC=CC=C3,CC1=CC=C(C)C=C1,0.1,120,2.69
287,O=C([O-])C(C)(C)C.[Cs+],CC(C1=C(C2=CC=CC=C2P(C3CCCCC3)C4CCCCC4)C(C(C)C)=CC(C(C)C)=C1)C,CC1=CC=C(C)C=C1,0.1,120,55.8
288,O=C([O-])C.[K+],CC(C)C1=CC(C(C)C)=C(C(C(C)C)=C1)C2=C(P(C3CCCCC3)C4CCCCC4)C(OC)=CC=C2OC,CC(N(C)C)=O,0.057,90,3.6
289,O=C([O-])C.[K+],CC(C)(C)P(C1=CC=CC=C1)C(C)(C)C,CC(N(C)C)=O,0.057,90,0
290,O=C([O-])C.[K+],CN(C)C1=CC=CC(N(C)C)=C1C2=CC=CC=C2P(C(C)(C)C)C3=CC=CC=C3,CC(N(C)C)=O,0.057,90,57.27
291,O=C([O-])C.[K+],P(C1CCCCC1)(C2CCCCC2)C3CCCCC3,CC(N(C)C)=O,0.057,90,3.4
292,O=C([O-])C.[K+],P(C1=CC=CC=C1)(C2=CC=CC=C2)C3=CC=CC=C3,CC(N(C)C)=O,0.057,90,19.55
293,O=C([O-])C.[K+],CC(C1=C(C2=CC=CC=C2P(C3CCCCC3)C4CCCCC4)C(C(C)C)=CC(C(C)C)=C1)C,CC(N(C)C)=O,0.057,90,43.2
294,O=C([O-])C(C)(C)C.[K+],CC(C)C1=CC(C(C)C)=C(C(C(C)C)=C1)C2=C(P(C3CCCCC3)C4CCCCC4)C(OC)=CC=C2OC,CC(N(C)C)=O,0.057,90,0
295,O=C([O-])C(C)(C)C.[K+],CC(C)(C)P(C1=CC=CC=C1)C(C)(C)C,CC(N(C)C)=O,0.057,90,0
296,O=C([O-])C(C)(C)C.[K+],CN(C)C1=CC=CC(N(C)C)=C1C2=CC=CC=C2P(C(C)(C)C)C3=CC=CC=C3,CC(N(C)C)=O,0.057,90,12.23
297,O=C([O-])C(C)(C)C.[K+],P(C1CCCCC1)(C2CCCCC2)C3CCCCC3,CC(N(C)C)=O,0.057,90,5.85
298,O=C([O-])C(C)(C)C.[K+],P(C1=CC=CC=C1)(C2=CC=CC=C2)C3=CC=CC=C3,CC(N(C)C)=O,0.057,90,46.46
299,O=C([O-])C(C)(C)C.[K+],CC(C1=C(C2=CC=CC=C2P(C3CCCCC3)C4CCCCC4)C(C(C)C)=CC(C(C)C)=C1)C,CC(N(C)C)=O,0.057,90,52.77
300,O=C([O-])C.[Cs+],CC(C)C1=CC(C(C)C)=C(C(C(C)C)=C1)C2=C(P(C3CCCCC3)C4CCCCC4)C(OC)=CC=C2OC,CC(N(C)C)=O,0.057,90,1.96
301,O=C([O-])C.[Cs+],CC(C)(C)P(C1=CC=CC=C1)C(C)(C)C,CC(N(C)C)=O,0.057,90,0
302,O=C([O-])C.[Cs+],CN(C)C1=CC=CC(N(C)C)=C1C2=CC=CC=C2P(C(C)(C)C)C3=CC=CC=C3,CC(N(C)C)=O,0.057,90,31.18
303,O=C([O-])C.[Cs+],P(C1CCCCC1)(C2CCCCC2)C3CCCCC3,CC(N(C)C)=O,0.057,90,8.04
304,O=C([O-])C.[Cs+],P(C1=CC=CC=C1)(C2=CC=CC=C2)C3=CC=CC=C3,CC(N(C)C)=O,0.057,90,36.96
305,O=C([O-])C.[Cs+],CC(C1=C(C2=CC=CC=C2P(C3CCCCC3)C4CCCCC4)C(C(C)C)=CC(C(C)C)=C1)C,CC(N(C)C)=O,0.057,90,79.33
306,O=C([O-])C(C)(C)C.[Cs+],CC(C)C1=CC(C(C)C)=C(C(C(C)C)=C1)C2=C(P(C3CCCCC3)C4CCCCC4)C(OC)=CC=C2OC,CC(N(C)C)=O,0.057,90,0
307,O=C([O-])C(C)(C)C.[Cs+],CC(C)(C)P(C1=CC=CC=C1)C(C)(C)C,CC(N(C)C)=O,0.057,90,0
308,O=C([O-])C(C)(C)C.[Cs+],CN(C)C1=CC=CC(N(C)C)=C1C2=CC=CC=C2P(C(C)(C)C)C3=CC=CC=C3,CC(N(C)C)=O,0.057,90,5.29
309,O=C([O-])C(C)(C)C.[Cs+],P(C1CCCCC1)(C2CCCCC2)C3CCCCC3,CC(N(C)C)=O,0.057,90,6.38
310,O=C([O-])C(C)(C)C.[Cs+],P(C1=CC=CC=C1)(C2=CC=CC=C2)C3=CC=CC=C3,CC(N(C)C)=O,0.057,90,44.96
311,O=C([O-])C(C)(C)C.[Cs+],CC(C1=C(C2=CC=CC=C2P(C3CCCCC3)C4CCCCC4)C(C(C)C)=CC(C(C)C)=C1)C,CC(N(C)C)=O,0.057,90,23.71
312,O=C([O-])C.[K+],CC(C)C1=CC(C(C)C)=C(C(C(C)C)=C1)C2=C(P(C3CCCCC3)C4CCCCC4)C(OC)=CC=C2OC,CCCC#N,0.057,90,6.26
313,O=C([O-])C.[K+],CC(C)(C)P(C1=CC=CC=C1)C(C)(C)C,CCCC#N,0.057,90,0
314,O=C([O-])C.[K+],CN(C)C1=CC=CC(N(C)C)=C1C2=CC=CC=C2P(C(C)(C)C)C3=CC=CC=C3,CCCC#N,0.057,90,5.62
315,O=C([O-])C.[K+],P(C1CCCCC1)(C2CCCCC2)C3CCCCC3,CCCC#N,0.057,90,0
316,O=C([O-])C.[K+],P(C1=CC=CC=C1)(C2=CC=CC=C2)C3=CC=CC=C3,CCCC#N,0.057,90,4.3
317,O=C([O-])C.[K+],CC(C1=C(C2=CC=CC=C2P(C3CCCCC3)C4CCCCC4)C(C(C)C)=CC(C(C)C)=C1)C,CCCC#N,0.057,90,18.72
318,O=C([O-])C(C)(C)C.[K+],CC(C)C1=CC(C(C)C)=C(C(C(C)C)=C1)C2=C(P(C3CCCCC3)C4CCCCC4)C(OC)=CC=C2OC,CCCC#N,0.057,90,29.57
319,O=C([O-])C(C)(C)C.[K+],CC(C)(C)P(C1=CC=CC=C1)C(C)(C)C,CCCC#N,0.057,90,0
320,O=C([O-])C(C)(C)C.[K+],CN(C)C1=CC=CC(N(C)C)=C1C2=CC=CC=C2P(C(C)(C)C)C3=CC=CC=C3,CCCC#N,0.057,90,5.62
321,O=C([O-])C(C)(C)C.[K+],P(C1CCCCC1)(C2CCCCC2)C3CCCCC3,CCCC#N,0.057,90,0.14
322,O=C([O-])C(C)(C)C.[K+],P(C1=CC=CC=C1)(C2=CC=CC=C2)C3=CC=CC=C3,CCCC#N,0.057,90,5.92
323,O=C([O-])C(C)(C)C.[K+],CC(C1=C(C2=CC=CC=C2P(C3CCCCC3)C4CCCCC4)C(C(C)C)=CC(C(C)C)=C1)C,CCCC#N,0.057,90,30.83
324,O=C([O-])C.[Cs+],CC(C)C1=CC(C(C)C)=C(C(C(C)C)=C1)C2=C(P(C3CCCCC3)C4CCCCC4)C(OC)=CC=C2OC,CCCC#N,0.057,90,36.72
325,O=C([O-])C.[Cs+],CC(C)(C)P(C1=CC=CC=C1)C(C)(C)C,CCCC#N,0.057,90,0
326,O=C([O-])C.[Cs+],CN(C)C1=CC=CC(N(C)C)=C1C2=CC=CC=C2P(C(C)(C)C)C3=CC=CC=C3,CCCC#N,0.057,90,6.57
327,O=C([O-])C.[Cs+],P(C1CCCCC1)(C2CCCCC2)C3CCCCC3,CCCC#N,0.057,90,0.28
328,O=C([O-])C.[Cs+],P(C1=CC=CC=C1)(C2=CC=CC=C2)C3=CC=CC=C3,CCCC#N,0.057,90,6.56
329,O=C([O-])C.[Cs+],CC(C1=C(C2=CC=CC=C2P(C3CCCCC3)C4CCCCC4)C(C(C)C)=CC(C(C)C)=C1)C,CCCC#N,0.057,90,72.9
330,O=C([O-])C(C)(C)C.[Cs+],CC(C)C1=CC(C(C)C)=C(C(C(C)C)=C1)C2=C(P(C3CCCCC3)C4CCCCC4)C(OC)=CC=C2OC,CCCC#N,0.057,90,37.58
331,O=C([O-])C(C)(C)C.[Cs+],CC(C)(C)P(C1=CC=CC=C1)C(C)(C)C,CCCC#N,0.057,90,0
332,O=C([O-])C(C)(C)C.[Cs+],CN(C)C1=CC=CC(N(C)C)=C1C2=CC=CC=C2P(C(C)(C)C)C3=CC=CC=C3,CCCC#N,0.057,90,4.89
333,O=C([O-])C(C)(C)C.[Cs+],P(C1CCCCC1)(C2CCCCC2)C3CCCCC3,CCCC#N,0.057,90,0.86
334,O=C([O-])C(C)(C)C.[Cs+],P(C1=CC=CC=C1)(C2=CC=CC=C2)C3=CC=CC=C3,CCCC#N,0.057,90,5.19
335,O=C([O-])C(C)(C)C.[Cs+],CC(C1=C(C2=CC=CC=C2P(C3CCCCC3)C4CCCCC4)C(C(C)C)=CC(C(C)C)=C1)C,CCCC#N,0.057,90,40.02
336,O=C([O-])C.[K+],CC(C)C1=CC(C(C)C)=C(C(C(C)C)=C1)C2=C(P(C3CCCCC3)C4CCCCC4)C(OC)=CC=C2OC,CCCCOC(C)=O,0.057,90,17.54
337,O=C([O-])C.[K+],CC(C)(C)P(C1=CC=CC=C1)C(C)(C)C,CCCCOC(C)=O,0.057,90,0
338,O=C([O-])C.[K+],CN(C)C1=CC=CC(N(C)C)=C1C2=CC=CC=C2P(C(C)(C)C)C3=CC=CC=C3,CCCCOC(C)=O,0.057,90,2.72
339,O=C([O-])C.[K+],P(C1CCCCC1)(C2CCCCC2)C3CCCCC3,CCCCOC(C)=O,0.057,90,0
340,O=C([O-])C.[K+],P(C1=CC=CC=C1)(C2=CC=CC=C2)C3=CC=CC=C3,CCCCOC(C)=O,0.057,90,1.27
341,O=C([O-])C.[K+],CC(C1=C(C2=CC=CC=C2P(C3CCCCC3)C4CCCCC4)C(C(C)C)=CC(C(C)C)=C1)C,CCCCOC(C)=O,0.057,90,32.71
342,O=C([O-])C(C)(C)C.[K+],CC(C)C1=CC(C(C)C)=C(C(C(C)C)=C1)C2=C(P(C3CCCCC3)C4CCCCC4)C(OC)=CC=C2OC,CCCCOC(C)=O,0.057,90,61.94
343,O=C([O-])C(C)(C)C.[K+],CC(C)(C)P(C1=CC=CC=C1)C(C)(C)C,CCCCOC(C)=O,0.057,90,0
344,O=C([O-])C(C)(C)C.[K+],CN(C)C1=CC=CC(N(C)C)=C1C2=CC=CC=C2P(C(C)(C)C)C3=CC=CC=C3,CCCCOC(C)=O,0.057,90,17.9
345,O=C([O-])C(C)(C)C.[K+],P(C1CCCCC1)(C2CCCCC2)C3CCCCC3,CCCCOC(C)=O,0.057,90,0
346,O=C([O-])C(C)(C)C.[K+],P(C1=CC=CC=C1)(C2=CC=CC=C2)C3=CC=CC=C3,CCCCOC(C)=O,0.057,90,0.05
347,O=C([O-])C(C)(C)C.[K+],CC(C1=C(C2=CC=CC=C2P(C3CCCCC3)C4CCCCC4)C(C(C)C)=CC(C(C)C)=C1)C,CCCCOC(C)=O,0.057,90,68.86
348,O=C([O-])C.[Cs+],CC(C)C1=CC(C(C)C)=C(C(C(C)C)=C1)C2=C(P(C3CCCCC3)C4CCCCC4)C(OC)=CC=C2OC,CCCCOC(C)=O,0.057,90,22.92
349,O=C([O-])C.[Cs+],CC(C)(C)P(C1=CC=CC=C1)C(C)(C)C,CCCCOC(C)=O,0.057,90,0
350,O=C([O-])C.[Cs+],CN(C)C1=CC=CC(N(C)C)=C1C2=CC=CC=C2P(C(C)(C)C)C3=CC=CC=C3,CCCCOC(C)=O,0.057,90,7.84
351,O=C([O-])C.[Cs+],P(C1CCCCC1)(C2CCCCC2)C3CCCCC3,CCCCOC(C)=O,0.057,90,0
352,O=C([O-])C.[Cs+],P(C1=CC=CC=C1)(C2=CC=CC=C2)C3=CC=CC=C3,CCCCOC(C)=O,0.057,90,1.03
353,O=C([O-])C.[Cs+],CC(C1=C(C2=CC=CC=C2P(C3CCCCC3)C4CCCCC4)C(C(C)C)=CC(C(C)C)=C1)C,CCCCOC(C)=O,0.057,90,61.71
354,O=C([O-])C(C)(C)C.[Cs+],CC(C)C1=CC(C(C)C)=C(C(C(C)C)=C1)C2=C(P(C3CCCCC3)C4CCCCC4)C(OC)=CC=C2OC,CCCCOC(C)=O,0.057,90,28.74
355,O=C([O-])C(C)(C)C.[Cs+],CC(C)(C)P(C1=CC=CC=C1)C(C)(C)C,CCCCOC(C)=O,0.057,90,0
356,O=C([O-])C(C)(C)C.[Cs+],CN(C)C1=CC=CC(N(C)C)=C1C2=CC=CC=C2P(C(C)(C)C)C3=CC=CC=C3,CCCCOC(C)=O,0.057,90,16.51
357,O=C([O-])C(C)(C)C.[Cs+],P(C1CCCCC1)(C2CCCCC2)C3CCCCC3,CCCCOC(C)=O,0.057,90,0
358,O=C([O-])C(C)(C)C.[Cs+],P(C1=CC=CC=C1)(C2=CC=CC=C2)C3=CC=CC=C3,CCCCOC(C)=O,0.057,90,0.43
359,O=C([O-])C(C)(C)C.[Cs+],CC(C1=C(C2=CC=CC=C2P(C3CCCCC3)C4CCCCC4)C(C(C)C)=CC(C(C)C)=C1)C,CCCCOC(C)=O,0.057,90,62.34
360,O=C([O-])C.[K+],CC(C)C1=CC(C(C)C)=C(C(C(C)C)=C1)C2=C(P(C3CCCCC3)C4CCCCC4)C(OC)=CC=C2OC,CC1=CC=C(C)C=C1,0.057,90,12.39
361,O=C([O-])C.[K+],CC(C)(C)P(C1=CC=CC=C1)C(C)(C)C,CC1=CC=C(C)C=C1,0.057,90,0
362,O=C([O-])C.[K+],CN(C)C1=CC=CC(N(C)C)=C1C2=CC=CC=C2P(C(C)(C)C)C3=CC=CC=C3,CC1=CC=C(C)C=C1,0.057,90,6.98
363,O=C([O-])C.[K+],P(C1CCCCC1)(C2CCCCC2)C3CCCCC3,CC1=CC=C(C)C=C1,0.057,90,0
364,O=C([O-])C.[K+],P(C1=CC=CC=C1)(C2=CC=CC=C2)C3=CC=CC=C3,CC1=CC=C(C)C=C1,0.057,90,0.24
365,O=C([O-])C.[K+],CC(C1=C(C2=CC=CC=C2P(C3CCCCC3)C4CCCCC4)C(C(C)C)=CC(C(C)C)=C1)C,CC1=CC=C(C)C=C1,0.057,90,22.31
366,O=C([O-])C(C)(C)C.[K+],CC(C)C1=CC(C(C)C)=C(C(C(C)C)=C1)C2=C(P(C3CCCCC3)C4CCCCC4)C(OC)=CC=C2OC,CC1=CC=C(C)C=C1,0.057,90,38.68
367,O=C([O-])C(C)(C)C.[K+],CC(C)(C)P(C1=CC=CC=C1)C(C)(C)C,CC1=CC=C(C)C=C1,0.057,90,0
368,O=C([O-])C(C)(C)C.[K+],CN(C)C1=CC=CC(N(C)C)=C1C2=CC=CC=C2P(C(C)(C)C)C3=CC=CC=C3,CC1=CC=C(C)C=C1,0.057,90,19.77
369,O=C([O-])C(C)(C)C.[K+],P(C1CCCCC1)(C2CCCCC2)C3CCCCC3,CC1=CC=C(C)C=C1,0.057,90,0
370,O=C([O-])C(C)(C)C.[K+],P(C1=CC=CC=C1)(C2=CC=CC=C2)C3=CC=CC=C3,CC1=CC=C(C)C=C1,0.057,90,0.04
371,O=C([O-])C(C)(C)C.[K+],CC(C1=C(C2=CC=CC=C2P(C3CCCCC3)C4CCCCC4)C(C(C)C)=CC(C(C)C)=C1)C,CC1=CC=C(C)C=C1,0.057,90,23.45
372,O=C([O-])C.[Cs+],CC(C)C1=CC(C(C)C)=C(C(C(C)C)=C1)C2=C(P(C3CCCCC3)C4CCCCC4)C(OC)=CC=C2OC,CC1=CC=C(C)C=C1,0.057,90,25.62
373,O=C([O-])C.[Cs+],CC(C)(C)P(C1=CC=CC=C1)C(C)(C)C,CC1=CC=C(C)C=C1,0.057,90,0
374,O=C([O-])C.[Cs+],CN(C)C1=CC=CC(N(C)C)=C1C2=CC=CC=C2P(C(C)(C)C)C3=CC=CC=C3,CC1=CC=C(C)C=C1,0.057,90,16.76
375,O=C([O-])C.[Cs+],P(C1CCCCC1)(C2CCCCC2)C3CCCCC3,CC1=CC=C(C)C=C1,0.057,90,0
376,O=C([O-])C.[Cs+],P(C1=CC=CC=C1)(C2=CC=CC=C2)C3=CC=CC=C3,CC1=CC=C(C)C=C1,0.057,90,2.04
377,O=C([O-])C.[Cs+],CC(C1=C(C2=CC=CC=C2P(C3CCCCC3)C4CCCCC4)C(C(C)C)=CC(C(C)C)=C1)C,CC1=CC=C(C)C=C1,0.057,90,53.43
